Time [s],Voltage [V],Current [A],Power [W],Cycle
0,-4.95E-05,0,0,0
0.019928999841795303,-0.010974455,0.002500334,-2.74E-05,0
0.024905999802285805,-0.010363781,0.024990775,-0.000258999,0
0.029882999762776308,0.5000066161155701,0.2499525547027588,0.12497793106636834,0
0.03486,0.5002356171607971,0.3129628598690033,0.15655516935497893,0
0.9999989920615917,0.5002356171607971,0.3129628598690033,0.15655516935497893,0
1.9999979841231834,0.5003119707107544,0.3127342760562897,0.15646470196252338,0
2.999996976184775,0.5003119707107544,0.312810481,0.15650282800528004,0
3.999995968246367,0.5001593232154846,0.31303900480270386,0.1565693767821692,0
4.9999949603079585,0.5002356171607971,0.312810481,0.1564789438146228,0
5.999993952,0.5003883242607117,0.3129628598690033,0.1566029610056905,0
6.999992944431142,0.5002356171607971,0.3129628598690033,0.15655516935497893,0
7.999991936492734,0.5001593232154846,0.3129628598690033,0.15653129218366324,0
8.999990928554325,0.5001593232154846,0.3127342760562897,0.15641696385859838,0
9.999989920615917,0.5003883242607117,0.31303900480270386,0.15664106304146586,0
10.999988912677509,0.5001593232154846,0.31303900480270386,0.1565693767821692,0
11.9999879,0.5000066161155701,0.31288665533065796,0.15644539775960098,0
12.999986896800692,0.5003119707107544,0.3131152093410492,0.15665528744493074,0
13.999985888862284,0.5002356171607971,0.312810481,0.1564789438146228,0
14.999984880923876,0.5002356171607971,0.3129628598690033,0.15655516935497893,0
15.999983872985467,0.5000829696655273,0.312810481,0.1564311940782659,0
16.99998286504706,0.5000829696655273,0.3127342760562897,0.15639308548642816,0
17.99998185710865,0.5000066161155701,0.3129628598690033,0.15648350053295168,0
18.999980849170242,0.5003883242607117,0.31303900480270386,0.15664106304146586,0
19.999979841231834,0.5001593232154846,0.31303900480270386,0.1565693767821692,0
20.999978833293426,0.5001593232154846,0.31288665533065796,0.1564931777733385,0
21.999977825355018,0.5002356171607971,0.3127342760562897,0.15644082359035316,0
22.99997681741661,0.5001593232154846,0.3127342760562897,0.15641696385859838,0
23.99997581,0.5000066161155701,0.31288665533065796,0.15644539775960098,0
24.999974801539793,0.5002356171607971,0.31303900480270386,0.1565932597628823,0
25.999973793601384,0.5000829696655273,0.31288665533065796,0.15646928776646973,0
26.999972785662976,0.5002356171607971,0.3127342760562897,0.15644082359035316,0
27.999971777724568,0.5001593232154846,0.312810481,0.15645507826892313,0
28.99997076978616,0.5000829696655273,0.31303900480270386,0.15654547514287742,0
29.99996976184775,0.5000829696655273,0.312810481,0.1564311940782659,0
30.999968753909343,0.5002356171607971,0.3129628598690033,0.15655516935497893,0
31.999967745970935,0.5001593232154846,0.31288665533065796,0.1564931777733385,0
32.999966738032526,0.5002356171607971,0.3127342760562897,0.15644082359035316,0
33.99996573009412,0.5002356171607971,0.31303900480270386,0.1565932597628823,0
34.99996472215571,0.5003119707107544,0.31288665533065796,0.15654093913757805,0
35.99996371,0.5000829696655273,0.3127342760562897,0.15639308548642816,0
36.99996270627889,0.5002356171607971,0.3129628598690033,0.15655516935497893,0
37.999961698340485,0.5001593232154846,0.31288665533065796,0.1564931777733385,0
38.99996069040208,0.5001593232154846,0.31288665533065796,0.1564931777733385,0
39.99995968246367,0.5001593232154846,0.3127342760562897,0.15641696385859838,0
40.99995867452526,0.5000829696655273,0.31288665533065796,0.15646928776646973,0
41.99995766658685,0.5003119707107544,0.31288665533065796,0.15654093913757805,0
42.99995665864844,0.5002356171607971,0.312810481,0.1564789438146228,0
43.999955650710035,0.5002356171607971,0.3127342760562897,0.15644082359035316,0
44.99995464277163,0.5000066161155701,0.3127342760562897,0.15636920711425795,0
45.99995363483322,0.5000066161155701,0.31303900480270386,0.15652157350358564,0
46.99995262689481,0.5004646182060242,0.3129628598690033,0.15662683817700618,0
47.99995162,0.5002356171607971,0.3129628598690033,0.15655516935497893,0
48.999950611017994,0.5002356171607971,0.3127342760562897,0.15644082359035316,0
49.999949603079585,0.5001593232154846,0.31288665533065796,0.1564931777733385,0
50.99994859514118,0.5003883242607117,0.3129628598690033,0.1566029610056905,0
51.99994758720277,0.5002356171607971,0.3125819265842438,0.15636461295818016,0
52.99994657926436,0.5003119707107544,0.312810481,0.15650282800528004,0
53.99994557132595,0.5000829696655273,0.31288665533065796,0.15646928776646973,0
54.999944563387544,0.5003883242607117,0.312810481,0.15652671219593728,0
55.999943555449136,0.5000829696655273,0.3129628598690033,0.15650739635830746,0
56.99994254751073,0.5000066161155701,0.312810481,0.15640730988760865,0
57.99994153957232,0.5002356171607971,0.31288665533065796,0.1565170491307093,0
58.99994053163391,0.5000829696655273,0.3125819265842438,0.15631689811002047,0
59.99993952,0.5002356171607971,0.312810481,0.1564789438146228,0
60.999938515757094,0.5000829696655273,0.31288665533065796,0.15646928776646973,0
61.999937507818686,0.5003119707107544,0.3127342760562897,0.15646470196252338,0
62.99993649988028,0.5002356171607971,0.31288665533065796,0.1565170491307093,0
63.99993549194187,0.5000066161155701,0.3127342760562897,0.15636920711425795,0
64.99993448400346,0.5002356171607971,0.312810481,0.1564789438146228,0
65.99993347606505,0.5003119707107544,0.31303900480270386,0.15661716140217408,0
66.99993246812664,0.5001593232154846,0.312810481,0.15645507826892313,0
67.99993146018824,0.5001593232154846,0.3127342760562897,0.15641696385859838,0
68.99993045224983,0.5003883242607117,0.312810481,0.15652671219593728,0
69.99992944431142,0.5002356171607971,0.312810481,0.1564789438146228,0
70.99992843637301,0.5000829696655273,0.3129628598690033,0.15650739635830746,0
71.99992743,0.4999302923679352,0.312810481,0.1563834350194302,0
72.99992642,0.5000829696655273,0.312810481,0.1564311940782659,0
73.99992541255779,0.5002356171607971,0.3127342760562897,0.15644082359035316,0
74.99992440461938,0.5001593232154846,0.312810481,0.15645507826892313,0
75.99992339668097,0.5002356171607971,0.3127342760562897,0.15644082359035316,0
76.99992238874256,0.5003883242607117,0.31288665533065796,0.1565648291444468,0
77.99992138080415,0.5002356171607971,0.31288665533065796,0.1565170491307093,0
78.99992037286574,0.5002356171607971,0.31288665533065796,0.1565170491307093,0
79.99991936492734,0.5003119707107544,0.3125819265842438,0.15638847969792735,0
80.99991835698893,0.5000829696655273,0.3127342760562897,0.15639308548642816,0
81.99991734905052,0.5002356171607971,0.3129628598690033,0.15655516935497893,0
82.99991634111211,0.5002356171607971,0.312810481,0.1564789438146228,0
83.99991533,0.5002356171607971,0.312810481,0.1564789438146228,0
84.99991433,0.5001593232154846,0.3127342760562897,0.15641696385859838,0
85.99991331729689,0.5001593232154846,0.3126581013202667,0.15637886435418302,0
86.99991230935848,0.5003119707107544,0.3127342760562897,0.15646470196252338,0
87.99991130142007,0.5003883242607117,0.31288665533065796,0.1565648291444468,0
88.99991029348166,0.5001593232154846,0.312810481,0.15645507826892313,0
89.99990928554325,0.5001593232154846,0.31288665533065796,0.1564931777733385,0
90.99990827760485,0.5000829696655273,0.3127342760562897,0.15639308548642816,0
91.99990726966644,0.5000829696655273,0.3127342760562897,0.15639308548642816,0
92.99990626172803,0.5003119707107544,0.312810481,0.15650282800528004,0
93.99990525378962,0.4999302923679352,0.3126581013202667,0.15630725600424444,0
94.99990424585121,0.4999302923679352,0.31288665533065796,0.1564215170774812,0
95.99990324,0.5001593232154846,0.3129628598690033,0.15653129218366324,0
96.99990223,0.5003119707107544,0.31288665533065796,0.15654093913757805,0
97.99990122203599,0.5000829696655273,0.3125819265842438,0.15631689811002047,0
98.99990021409758,0.5002356171607971,0.312810481,0.1564789438146228,0
99.99989920615917,0.5001593232154846,0.31288665533065796,0.1564931777733385,0
100.99989819822076,0.5003119707107544,0.3129628598690033,0.1565790651803347,0
101.99989719028235,0.5001593232154846,0.312810481,0.15645507826892313,0
102.99989618234395,0.5002356171607971,0.3127342760562897,0.15644082359035316,0
103.99989517440554,0.5000829696655273,0.3127342760562897,0.15639308548642816,0
104.99989416646713,0.5000066161155701,0.31288665533065796,0.15644539775960098,0
105.99989315852872,0.5001593232154846,0.31288665533065796,0.1564931777733385,0
106.99989215059031,0.5002356171607971,0.312810481,0.1564789438146228,0
107.9998911426519,0.5000066161155701,0.3127342760562897,0.15636920711425795,0
108.9998901347135,0.5002356171607971,0.31288665533065796,0.1565170491307093,0
109.99988912677509,0.5002356171607971,0.312810481,0.1564789438146228,0
110.99988811883668,0.5000066161155701,0.3126581013202667,0.15633111924226561,0
111.99988711089827,0.5000829696655273,0.31288665533065796,0.15646928776646973,0
112.99988610295986,0.5002356171607971,0.312810481,0.1564789438146228,0
113.99988509502145,0.5000829696655273,0.3131152093410492,0.15658358373471515,0
114.99988408708305,0.5001593232154846,0.3126581013202667,0.15637886435418302,0
115.99988307914464,0.5001593232154846,0.31288665533065796,0.1564931777733385,0
116.99988207120623,0.5003883242607117,0.31288665533065796,0.1565648291444468,0
117.99988106326782,0.5003119707107544,0.312810481,0.15650282800528004,0
118.99988005532941,0.5001593232154846,0.312810481,0.15645507826892313,0
119.999879,0.5001593232154846,0.31288665533065796,0.1564931777733385,0
120.9998780394526,0.5000829696655273,0.31288665533065796,0.15646928776646973,0
121.99987703151419,0.5001593232154846,0.3127342760562897,0.15641696385859838,0
122.99987602357578,0.5000066161155701,0.3129628598690033,0.15648350053295168,0
123.99987501563737,0.5001593232154846,0.312810481,0.15645507826892313,0
124.99987400769896,0.5000829696655273,0.3127342760562897,0.15639308548642816,0
125.99987299976056,0.5002356171607971,0.312810481,0.1564789438146228,0
126.99987199182215,0.5002356171607971,0.3127342760562897,0.15644082359035316,0
127.99987098388374,0.5000829696655273,0.3127342760562897,0.15639308548642816,0
128.99986997594533,0.5003119707107544,0.312810481,0.15650282800528004,0
129.99986896800692,0.5000829696655273,0.3125819265842438,0.15631689811002047,0
130.9998679600685,0.5001593232154846,0.3129628598690033,0.15653129218366324,0
131.9998669521301,0.5003883242607117,0.31288665533065796,0.1565648291444468,0
132.9998659441917,0.5003119707107544,0.31288665533065796,0.15654093913757805,0
133.9998649362533,0.5002356171607971,0.31288665533065796,0.1565170491307093,0
134.99986392831488,0.5003119707107544,0.31288665533065796,0.15654093913757805,0
135.99986292037647,0.5003119707107544,0.31288665533065796,0.15654093913757805,0
136.99986191243806,0.5001593232154846,0.31303900480270386,0.1565693767821692,0
137.99986090449966,0.5003119707107544,0.312810481,0.15650282800528004,0
138.99985989656125,0.5003119707107544,0.312810481,0.15650282800528004,0
139.99985888862284,0.5001593232154846,0.3129628598690033,0.15653129218366324,0
140.99985788068443,0.5002356171607971,0.312810481,0.1564789438146228,0
141.99985687274602,0.5001593232154846,0.3131152093410492,0.15660749119249395,0
142.9998558648076,0.5002356171607971,0.312810481,0.1564789438146228,0
143.9998548568692,0.5001593232154846,0.312810481,0.15645507826892313,0
144.9998538489308,0.5002356171607971,0.312810481,0.1564789438146228,0
145.9998528409924,0.5000829696655273,0.31288665533065796,0.15646928776646973,0
146.99985183305398,0.5002356171607971,0.3129628598690033,0.15655516935497893,0
147.99985082511557,0.5002356171607971,0.3126581013202667,0.15640271827426666,0
148.99984981717716,0.5000066161155701,0.312810481,0.15640730988760865,0
149.99984880923876,0.5000829696655273,0.3127342760562897,0.15639308548642816,0
150.99984780130035,0.5000829696655273,0.3129628598690033,0.15650739635830746,0
151.99984679336194,0.5001593232154846,0.3129628598690033,0.15653129218366324,0
152.99984578542353,0.5002356171607971,0.31303900480270386,0.1565932597628823,0
153.99984477748512,0.5003119707107544,0.3129628598690033,0.1565790651803347,0
154.99984376954671,0.5003119707107544,0.3129628598690033,0.1565790651803347,0
155.9998427616083,0.5000066161155701,0.3129628598690033,0.15648350053295168,0
156.9998417536699,0.5001593232154846,0.3127342760562897,0.15641696385859838,0
157.9998407457315,0.5003119707107544,0.31303900480270386,0.15661716140217408,0
158.99983973779308,0.5002356171607971,0.3129628598690033,0.15655516935497893,0
159.99983872985467,0.5000066161155701,0.3129628598690033,0.15648350053295168,0
160.99983772191626,0.5003119707107544,0.31288665533065796,0.15654093913757805,0
161.99983671397786,0.5001593232154846,0.31288665533065796,0.1564931777733385,0
162.99983570603945,0.5001593232154846,0.3129628598690033,0.15653129218366324,0
163.99983469810104,0.5003119707107544,0.312810481,0.15650282800528004,0
164.99983369016263,0.5000066161155701,0.3129628598690033,0.15648350053295168,0
165.99983268222422,0.5003119707107544,0.3127342760562897,0.15646470196252338,0
166.99983167428582,0.5000829696655273,0.31303900480270386,0.15654547514287742,0
167.9998306663474,0.5002356171607971,0.312810481,0.1564789438146228,0
168.9998297,0.5001593232154846,0.31303900480270386,0.1565693767821692,0
169.9998286504706,0.5003119707107544,0.312810481,0.15650282800528004,0
170.99982764253218,0.5000066161155701,0.31288665533065796,0.15644539775960098,0
171.99982663459377,0.5002356171607971,0.3127342760562897,0.15644082359035316,0
172.99982562665537,0.5000066161155701,0.3127342760562897,0.15636920711425795,0
173.99982461871696,0.5003119707107544,0.31288665533065796,0.15654093913757805,0
174.99982361077855,0.5000066161155701,0.312810481,0.15640730988760865,0
175.99982260284014,0.5000829696655273,0.3127342760562897,0.15639308548642816,0
176.99982159490173,0.5001593232154846,0.31288665533065796,0.1564931777733385,0
177.99982058696332,0.5003119707107544,0.312810481,0.15650282800528004,0
178.99981957902492,0.5001593232154846,0.3129628598690033,0.15653129218366324,0
179.9998185710865,0.5000829696655273,0.3129628598690033,0.15650739635830746,0
180.9998175631481,0.5000829696655273,0.312810481,0.1564311940782659,0
181.9998165552097,0.5000066161155701,0.31288665533065796,0.15644539775960098,0
182.99981554727128,0.5002356171607971,0.31288665533065796,0.1565170491307093,0
183.99981453933287,0.5000829696655273,0.312810481,0.1564311940782659,0
184.99981353139447,0.5002356171607971,0.31303900480270386,0.1565932597628823,0
185.99981252345606,0.5001593232154846,0.312810481,0.15645507826892313,0
186.99981151551765,0.5003883242607117,0.3126581013202667,0.15645046338618407,0
187.99981050757924,0.5001593232154846,0.312810481,0.15645507826892313,0
188.99980949964083,0.5001593232154846,0.3127342760562897,0.15641696385859838,0
189.99980849170242,0.5002356171607971,0.3126581013202667,0.15640271827426666,0
190.99980748376402,0.5003883242607117,0.312810481,0.15652671219593728,0
191.9998064758256,0.5000829696655273,0.312810481,0.1564311940782659,0
192.9998054678872,0.5001593232154846,0.3129628598690033,0.15653129218366324,0
193.9998044599488,0.5001593232154846,0.3129628598690033,0.15653129218366324,0
194.99980345201038,0.5001593232154846,0.312810481,0.15645507826892313,0
195.99980244407197,0.5003119707107544,0.31288665533065796,0.15654093913757805,0
196.99980143613357,0.5001593232154846,0.31288665533065796,0.1564931777733385,0
197.99980042819516,0.5000829696655273,0.3131152093410492,0.15658358373471515,0
198.99979942025675,0.5002356171607971,0.31288665533065796,0.1565170491307093,0
199.99979841231834,0.5003119707107544,0.3129628598690033,0.1565790651803347,0
200.99979740437993,0.5000829696655273,0.3129628598690033,0.15650739635830746,0
201.99979639644152,0.5002356171607971,0.31288665533065796,0.1565170491307093,0
202.99979538850312,0.5002356171607971,0.31288665533065796,0.1565170491307093,0
203.9997943805647,0.5001593232154846,0.3129628598690033,0.15653129218366324,0
204.9997933726263,0.5000066161155701,0.3129628598690033,0.15648350053295168,0
205.9997923646879,0.5003119707107544,0.3129628598690033,0.1565790651803347,0
206.99979135674948,0.5002356171607971,0.31303900480270386,0.1565932597628823,0
207.99979034881108,0.5001593232154846,0.3129628598690033,0.15653129218366324,0
208.99978934087267,0.5002356171607971,0.31303900480270386,0.1565932597628823,0
209.99978833293426,0.5000066161155701,0.3126581013202667,0.15633111924226561,0
210.99978732499585,0.5000829696655273,0.312810481,0.1564311940782659,0
211.99978631705744,0.5000829696655273,0.31303900480270386,0.15654547514287742,0
212.99978530911903,0.5000066161155701,0.31288665533065796,0.15644539775960098,0
213.99978430118063,0.5000066161155701,0.312810481,0.15640730988760865,0
214.99978329324222,0.5001593232154846,0.31288665533065796,0.1564931777733385,0
215.9997822853038,0.5000829696655273,0.3126581013202667,0.15635499179822432,0
216.9997812773654,0.5000829696655273,0.3127342760562897,0.15639308548642816,0
217.9997803,0.5002356171607971,0.312810481,0.1564789438146228,0
218.99977926148858,0.5001593232154846,0.312810481,0.15645507826892313,0
219.99977825355018,0.5000066161155701,0.3129628598690033,0.15648350053295168,0
220.99977724561177,0.5000829696655273,0.31303900480270386,0.15654547514287742,0
221.99977623767336,0.5000066161155701,0.31303900480270386,0.15652157350358564,0
222.99977522973495,0.5000829696655273,0.3131152093410492,0.15658358373471515,0
223.99977422179654,0.5002356171607971,0.31288665533065796,0.1565170491307093,0
224.99977321385813,0.5003883242607117,0.312810481,0.15652671219593728,0
225.99977220591973,0.5003119707107544,0.312810481,0.15650282800528004,0
226.99977119798132,0.5004646182060242,0.31288665533065796,0.1565887005018176,0
227.9997701900429,0.5002356171607971,0.31288665533065796,0.1565170491307093,0
228.9997691821045,0.5002356171607971,0.31288665533065796,0.1565170491307093,0
229.9997681741661,0.5000066161155701,0.312810481,0.15640730988760865,0
230.99976716622768,0.5000829696655273,0.31288665533065796,0.15646928776646973,0
231.99976615828928,0.5001593232154846,0.3129628598690033,0.15653129218366324,0
232.99976515035087,0.5002356171607971,0.31288665533065796,0.1565170491307093,0
233.99976414241246,0.5003119707107544,0.31288665533065796,0.15654093913757805,0
234.99976313447405,0.5001593232154846,0.3129628598690033,0.15653129218366324,0
235.99976212653564,0.5001593232154846,0.3125819265842438,0.15634076484976767,0
236.99976111859723,0.5003119707107544,0.312810481,0.15650282800528004,0
237.99976011065883,0.5002356171607971,0.312810481,0.1564789438146228,0
238.99975910272042,0.5000829696655273,0.31288665533065796,0.15646928776646973,0
239.9997581,0.5000066161155701,0.31288665533065796,0.15644539775960098,0
240.9997570868436,0.5000829696655273,0.312810481,0.1564311940782659,0
241.9997560789052,0.5003119707107544,0.3129628598690033,0.1565790651803347,0
242.99975507096678,0.5002356171607971,0.31288665533065796,0.1565170491307093,0
243.99975406302838,0.5003119707107544,0.3129628598690033,0.1565790651803347,0
244.99975305508997,0.5002356171607971,0.312810481,0.1564789438146228,0
245.99975204715156,0.5002356171607971,0.3127342760562897,0.15644082359035316,0
246.99975103921315,0.5001593232154846,0.3127342760562897,0.15641696385859838,0
247.99975003127474,0.5002356171607971,0.312810481,0.1564789438146228,0
248.99974902333634,0.5000829696655273,0.31303900480270386,0.15654547514287742,0
249.99974801539793,0.5003119707107544,0.3126581013202667,0.15642659083022536,0
250.99974700745952,0.5000066161155701,0.3127342760562897,0.15636920711425795,0
251.9997459995211,0.5002356171607971,0.312810481,0.1564789438146228,0
252.9997449915827,0.5001593232154846,0.312810481,0.15645507826892313,0
253.9997439836443,0.5002356171607971,0.3129628598690033,0.15655516935497893,0
254.99974297570589,0.5000066161155701,0.3126581013202667,0.15633111924226561,0
255.99974196776748,0.5003883242607117,0.31288665533065796,0.1565648291444468,0
256.99974095982907,0.5003883242607117,0.312810481,0.15652671219593728,0
257.99973995189066,0.5003883242607117,0.31303900480270386,0.15664106304146586,0
258.99973894395225,0.5003883242607117,0.3126581013202667,0.15645046338618407,0
259.99973793601384,0.5000829696655273,0.312810481,0.1564311940782659,0
260.99973692807544,0.5002356171607971,0.31288665533065796,0.1565170491307093,0
261.9997359,0.5002356171607971,0.3127342760562897,0.15644082359035316,0
262.9997349121986,0.5005409717559814,0.31288665533065796,0.15661259050868637,0
263.9997339042602,0.5001593232154846,0.31288665533065796,0.1564931777733385,0
264.9997328963218,0.5002356171607971,0.312810481,0.1564789438146228,0
265.9997318883834,0.5001593232154846,0.3129628598690033,0.15653129218366324,0
266.9997309,0.5001593232154846,0.312810481,0.15645507826892313,0
267.9997298725066,0.5001593232154846,0.312810481,0.15645507826892313,0
268.99972886456817,0.5001593232154846,0.312810481,0.15645507826892313,0
269.99972785662976,0.5000066161155701,0.3129628598690033,0.15648350053295168,0
270.99972684869135,0.5000829696655273,0.31303900480270386,0.15654547514287742,0
271.99972584075294,0.5003119707107544,0.3126581013202667,0.15642659083022536,0
272.99972483281454,0.5002356171607971,0.31288665533065796,0.1565170491307093,0
273.9997238248761,0.5001593232154846,0.3126581013202667,0.15637886435418302,0
274.9997228169377,0.4999302923679352,0.3127342760562897,0.15634533806229545,0
275.9997218089993,0.5003119707107544,0.312810481,0.15650282800528004,0
276.9997208010609,0.5001593232154846,0.312810481,0.15645507826892313,0
277.9997197931225,0.5001593232154846,0.312810481,0.15645507826892313,0
278.9997187851841,0.5000829696655273,0.3129628598690033,0.15650739635830746,0
279.9997177772457,0.5001593232154846,0.3129628598690033,0.15653129218366324,0
280.99971676930727,0.5001593232154846,0.312810481,0.15645507826892313,0
281.99971576136886,0.5001593232154846,0.3126581013202667,0.15637886435418302,0
282.99971475343045,0.5000829696655273,0.3127342760562897,0.15639308548642816,0
283.99971374549204,0.5000066161155701,0.3126581013202667,0.15633111924226561,0
284.99971273755364,0.5003119707107544,0.31288665533065796,0.15654093913757805,0
285.9997117296152,0.5003119707107544,0.3129628598690033,0.1565790651803347,0
286.9997107216768,0.5001593232154846,0.3129628598690033,0.15653129218366324,0
287.9997097137384,0.5001593232154846,0.312810481,0.15645507826892313,0
288.9997087,0.5002356171607971,0.3127342760562897,0.15644082359035316,0
289.9997076978616,0.5002356171607971,0.3127342760562897,0.15644082359035316,0
290.9997066899232,0.5001593232154846,0.31288665533065796,0.1564931777733385,0
291.9997056819848,0.5002356171607971,0.3127342760562897,0.15644082359035316,0
292.99970467404637,0.5003119707107544,0.312810481,0.15650282800528004,0
293.99970366610796,0.5000066161155701,0.31288665533065796,0.15644539775960098,0
294.99970265816955,0.5000829696655273,0.31288665533065796,0.15646928776646973,0
295.99970165023115,0.5000066161155701,0.3126581013202667,0.15633111924226561,0
296.99970064229274,0.5001593232154846,0.3127342760562897,0.15641696385859838,0
297.99969963435433,0.5003119707107544,0.3126581013202667,0.15642659083022536,0
298.9996986264159,0.5002356171607971,0.3125819265842438,0.15636461295818016,0
299.9996976184775,0.5002356171607971,0.3127342760562897,0.15644082359035316,0
300.9996966105391,0.5001593232154846,0.312810481,0.15645507826892313,0
301.9996956026007,0.5002356171607971,0.312810481,0.1564789438146228,0
302.9996945946623,0.4999302923679352,0.312810481,0.1563834350194302,0
303.9996935867239,0.5001593232154846,0.3125819265842438,0.15634076484976767,0
304.99969257878547,0.5003119707107544,0.312810481,0.15650282800528004,0
305.99969157084706,0.5002356171607971,0.3127342760562897,0.15644082359035316,0
306.99969056290865,0.5000829696655273,0.3127342760562897,0.15639308548642816,0
307.99968955497025,0.5003883242607117,0.31288665533065796,0.1565648291444468,0
308.99968854703184,0.5001593232154846,0.3126581013202667,0.15637886435418302,0
309.99968753909343,0.5001593232154846,0.312810481,0.15645507826892313,0
310.9996865,0.5002356171607971,0.312810481,0.1564789438146228,0
311.9996855232166,0.5000066161155701,0.3127342760562897,0.15636920711425795,0
312.9996845152782,0.5001593232154846,0.312810481,0.15645507826892313,0
313.9996835073398,0.5000066161155701,0.312810481,0.15640730988760865,0
314.9996824994014,0.5001593232154846,0.3129628598690033,0.15653129218366324,0
315.9996815,0.5001593232154846,0.312810481,0.15645507826892313,0
316.99968048352457,0.5000829696655273,0.31288665533065796,0.15646928776646973,0
317.99967947558616,0.5001593232154846,0.31288665533065796,0.1564931777733385,0
318.99967846764775,0.5000066161155701,0.312810481,0.15640730988760865,0
319.99967745970935,0.5003883242607117,0.312810481,0.15652671219593728,0
320.99967645177094,0.5000066161155701,0.3126581013202667,0.15633111924226561,0
321.99967544383253,0.5001593232154846,0.312810481,0.15645507826892313,0
322.9996744358941,0.5001593232154846,0.3127342760562897,0.15641696385859838,0
323.9996734279557,0.5003119707107544,0.3129628598690033,0.1565790651803347,0
324.9996724200173,0.4999302923679352,0.3127342760562897,0.15634533806229545,0
325.9996714120789,0.5001593232154846,0.31288665533065796,0.1564931777733385,0
326.9996704041405,0.5003883242607117,0.3127342760562897,0.1564885803346936,0
327.9996693962021,0.5000829696655273,0.3126581013202667,0.15635499179822432,0
328.9996683882637,0.5000829696655273,0.312810481,0.1564311940782659,0
329.99966738032526,0.5000829696655273,0.312810481,0.1564311940782659,0
330.99966637238686,0.5002356171607971,0.3127342760562897,0.15644082359035316,0
331.99966536444845,0.5000829696655273,0.312810481,0.1564311940782659,0
332.99966435651004,0.5001593232154846,0.312810481,0.15645507826892313,0
333.99966334857163,0.5000829696655273,0.3125819265842438,0.15631689811002047,0
334.9996623406332,0.5001593232154846,0.3127342760562897,0.15641696385859838,0
335.9996613326948,0.5001593232154846,0.312810481,0.15645507826892313,0
336.9996603247564,0.5002356171607971,0.31288665533065796,0.1565170491307093,0
337.9996593,0.5002356171607971,0.31288665533065796,0.1565170491307093,0
338.9996583088796,0.5003119707107544,0.3129628598690033,0.1565790651803347,0
339.9996573009412,0.5001593232154846,0.312810481,0.15645507826892313,0
340.9996562930028,0.5002356171607971,0.31288665533065796,0.1565170491307093,0
341.99965528506436,0.5003119707107544,0.3127342760562897,0.15646470196252338,0
342.99965427712596,0.5003119707107544,0.312810481,0.15650282800528004,0
343.99965326918755,0.5002356171607971,0.312810481,0.1564789438146228,0
344.99965226124914,0.5003119707107544,0.31288665533065796,0.15654093913757805,0
345.99965125331073,0.5000829696655273,0.31288665533065796,0.15646928776646973,0
346.9996502453723,0.5000066161155701,0.3127342760562897,0.15636920711425795,0
347.9996492374339,0.5000066161155701,0.31288665533065796,0.15644539775960098,0
348.9996482294955,0.5001593232154846,0.3127342760562897,0.15641696385859838,0
349.9996472215571,0.5002356171607971,0.312810481,0.1564789438146228,0
350.9996462136187,0.5000066161155701,0.31303900480270386,0.15652157350358564,0
351.9996452056803,0.5002356171607971,0.3126581013202667,0.15640271827426666,0
352.9996441977419,0.5001593232154846,0.31303900480270386,0.1565693767821692,0
353.99964318980346,0.5003119707107544,0.312810481,0.15650282800528004,0
354.99964218186506,0.5000829696655273,0.3129628598690033,0.15650739635830746,0
355.99964117392665,0.5000829696655273,0.31288665533065796,0.15646928776646973,0
356.99964016598824,0.5001593232154846,0.3129628598690033,0.15653129218366324,0
357.99963915804983,0.5002356171607971,0.31288665533065796,0.1565170491307093,0
358.9996381501114,0.5000829696655273,0.312810481,0.1564311940782659,0
359.9996371,0.5003119707107544,0.31288665533065796,0.15654093913757805,0
360.9996361342346,0.5001593232154846,0.3127342760562897,0.15641696385859838,0
361.9996351262962,0.5000066161155701,0.312810481,0.15640730988760865,0
362.9996341183578,0.5000829696655273,0.3127342760562897,0.15639308548642816,0
363.9996331104194,0.5001593232154846,0.312810481,0.15645507826892313,0
364.9996321,0.5001593232154846,0.3129628598690033,0.15653129218366324,0
365.99963109454256,0.4998539388179779,0.3127342760562897,0.15632145969012523,0
366.99963008660416,0.5001593232154846,0.3127342760562897,0.15641696385859838,0
367.99962907866575,0.5003119707107544,0.3129628598690033,0.1565790651803347,0
368.99962807072734,0.5001593232154846,0.3127342760562897,0.15641696385859838,0
369.99962706278893,0.5003119707107544,0.312810481,0.15650282800528004,0
370.9996260548505,0.5001593232154846,0.3126581013202667,0.15637886435418302,0
371.9996250469121,0.5001593232154846,0.31288665533065796,0.1564931777733385,0
372.9996240389737,0.5003119707107544,0.3129628598690033,0.1565790651803347,0
373.9996230310353,0.5002356171607971,0.31303900480270386,0.1565932597628823,0
374.9996220230969,0.5000066161155701,0.31303900480270386,0.15652157350358564,0
375.9996210151585,0.5000066161155701,0.31288665533065796,0.15644539775960098,0
376.9996200072201,0.5000066161155701,0.312810481,0.15640730988760865,0
377.99961899928167,0.5000829696655273,0.3127342760562897,0.15639308548642816,0
378.99961799134326,0.5003119707107544,0.312810481,0.15650282800528004,0
379.99961698340485,0.5000066161155701,0.3129628598690033,0.15648350053295168,0
380.99961597546644,0.5000829696655273,0.3129628598690033,0.15650739635830746,0
381.99961496752803,0.5002356171607971,0.312810481,0.1564789438146228,0
382.9996139595896,0.5002356171607971,0.31303900480270386,0.1565932597628823,0
383.9996129516512,0.5000829696655273,0.312810481,0.1564311940782659,0
384.9996119437128,0.5003883242607117,0.3129628598690033,0.1566029610056905,0
385.9996109357744,0.5003119707107544,0.31288665533065796,0.15654093913757805,0
386.9996099,0.5001593232154846,0.3129628598690033,0.15653129218366324,0
387.9996089198976,0.5003883242607117,0.3127342760562897,0.1564885803346936,0
388.9996079119592,0.5002356171607971,0.3129628598690033,0.15655516935497893,0
389.99960690402077,0.5003119707107544,0.3129628598690033,0.1565790651803347,0
390.99960589608236,0.5001593232154846,0.3125819265842438,0.15634076484976767,0
391.99960488814395,0.5001593232154846,0.3129628598690033,0.15653129218366324,0
392.99960388020554,0.5000829696655273,0.31288665533065796,0.15646928776646973,0
393.99960287226713,0.5002356171607971,0.3126581013202667,0.15640271827426666,0
394.9996018643287,0.5000829696655273,0.312810481,0.1564311940782659,0
395.9996008563903,0.5003119707107544,0.31288665533065796,0.15654093913757805,0
396.9995998484519,0.5003119707107544,0.312810481,0.15650282800528004,0
397.9995988405135,0.5000066161155701,0.31288665533065796,0.15644539775960098,0
398.9995978325751,0.5001593232154846,0.312810481,0.15645507826892313,0
399.9995968246367,0.5003119707107544,0.3129628598690033,0.1565790651803347,0
400.9995958166983,0.5001593232154846,0.31288665533065796,0.1564931777733385,0
401.99959480875987,0.5000066161155701,0.31288665533065796,0.15644539775960098,0
402.99959380082146,0.5001593232154846,0.312810481,0.15645507826892313,0
403.99959279288305,0.4999302923679352,0.312810481,0.1563834350194302,0
404.99959178494464,0.5000829696655273,0.312810481,0.1564311940782659,0
405.99959077700623,0.5003119707107544,0.312810481,0.15650282800528004,0
406.9995897690678,0.5002356171607971,0.3126581013202667,0.15640271827426666,0
407.9995887611294,0.4999302923679352,0.3127342760562897,0.15634533806229545,0
408.9995878,0.5000829696655273,0.31288665533065796,0.15646928776646973,0
409.9995867452526,0.5000066161155701,0.3126581013202667,0.15633111924226561,0
410.9995857373142,0.5000829696655273,0.312810481,0.1564311940782659,0
411.9995847293758,0.5001593232154846,0.31288665533065796,0.1564931777733385,0
412.9995837214374,0.5001593232154846,0.3127342760562897,0.15641696385859838,0
413.99958271349897,0.5002356171607971,0.31303900480270386,0.1565932597628823,0
414.99958170556056,0.4999302923679352,0.31288665533065796,0.1564215170774812,0
415.99958069762215,0.5001593232154846,0.312810481,0.15645507826892313,0
416.99957968968374,0.5001593232154846,0.3129628598690033,0.15653129218366324,0
417.99957868174533,0.5002356171607971,0.312810481,0.1564789438146228,0
418.9995776738069,0.5000066161155701,0.3131152093410492,0.15655967627693634,0
419.9995766658685,0.5001593232154846,0.3129628598690033,0.15653129218366324,0
420.9995756579301,0.5003883242607117,0.31288665533065796,0.1565648291444468,0
421.9995746499917,0.5001593232154846,0.31288665533065796,0.1564931777733385,0
422.9995736420533,0.5000829696655273,0.3129628598690033,0.15650739635830746,0
423.9995726341149,0.5001593232154846,0.31303900480270386,0.1565693767821692,0
424.9995716261765,0.5000829696655273,0.31303900480270386,0.15654547514287742,0
425.99957061823807,0.5001593232154846,0.312810481,0.15645507826892313,0
426.99956961029966,0.5001593232154846,0.31288665533065796,0.1564931777733385,0
427.99956860236125,0.5000829696655273,0.31288665533065796,0.15646928776646973,0
428.99956759442284,0.5000066161155701,0.31303900480270386,0.15652157350358564,0
429.99956658648443,0.5002356171607971,0.312810481,0.1564789438146228,0
430.9995656,0.5000829696655273,0.3127342760562897,0.15639308548642816,0
431.9995645706076,0.5000829696655273,0.3129628598690033,0.15650739635830746,0
432.9995635626692,0.5002356171607971,0.312810481,0.1564789438146228,0
433.9995625547308,0.5000829696655273,0.3127342760562897,0.15639308548642816,0
434.9995615467924,0.5003119707107544,0.31288665533065796,0.15654093913757805,0
435.9995605,0.5000829696655273,0.31303900480270386,0.15654547514287742,0
436.9995595309156,0.5001593232154846,0.3129628598690033,0.15653129218366324,0
437.99955852297717,0.5002356171607971,0.312810481,0.1564789438146228,0
438.99955751503876,0.5001593232154846,0.31288665533065796,0.1564931777733385,0
439.99955650710035,0.5002356171607971,0.312810481,0.1564789438146228,0
440.99955549916194,0.5001593232154846,0.3129628598690033,0.15653129218366324,0
441.99955449122353,0.5002356171607971,0.31288665533065796,0.1565170491307093,0
442.9995534832851,0.5001593232154846,0.3131152093410492,0.15660749119249395,0
443.9995524753467,0.5001593232154846,0.3127342760562897,0.15641696385859838,0
444.9995514674083,0.5000066161155701,0.312810481,0.15640730988760865,0
445.9995504594699,0.5002356171607971,0.312810481,0.1564789438146228,0
446.9995494515315,0.5001593232154846,0.31288665533065796,0.1564931777733385,0
447.9995484435931,0.5002356171607971,0.31303900480270386,0.1565932597628823,0
448.9995474356547,0.5003883242607117,0.31303900480270386,0.15664106304146586,0
449.99954642771627,0.5001593232154846,0.3131152093410492,0.15660749119249395,0
450.99954541977786,0.5003119707107544,0.31288665533065796,0.15654093913757805,0
451.99954441183945,0.5001593232154846,0.3131152093410492,0.15660749119249395,0
452.99954340390104,0.5001593232154846,0.31303900480270386,0.1565693767821692,0
453.99954239596264,0.5003883242607117,0.3131152093410492,0.15667919490270954,0
454.9995413880242,0.5000066161155701,0.312810481,0.15640730988760865,0
455.9995403800858,0.5001593232154846,0.3127342760562897,0.15641696385859838,0
456.9995393721474,0.5003119707107544,0.31288665533065796,0.15654093913757805,0
457.9995384,0.5000066161155701,0.31303900480270386,0.15652157350358564,0
458.9995373562706,0.5000829696655273,0.3127342760562897,0.15639308548642816,0
459.9995363483322,0.5000829696655273,0.3129628598690033,0.15650739635830746,0
460.9995353403938,0.5000066161155701,0.312810481,0.15640730988760865,0
461.99953433245537,0.5000829696655273,0.31288665533065796,0.15646928776646973,0
462.99953332451696,0.5000829696655273,0.3129628598690033,0.15650739635830746,0
463.99953231657855,0.5002356171607971,0.312810481,0.1564789438146228,0
464.99953130864014,0.5002356171607971,0.3129628598690033,0.15655516935497893,0
465.99953030070174,0.5002356171607971,0.31303900480270386,0.1565932597628823,0
466.9995292927633,0.5000066161155701,0.312810481,0.15640730988760865,0
467.9995282848249,0.5000066161155701,0.31288665533065796,0.15644539775960098,0
468.9995272768865,0.5001593232154846,0.31288665533065796,0.1564931777733385,0
469.9995262689481,0.5001593232154846,0.3129628598690033,0.15653129218366324,0
470.9995252610097,0.5002356171607971,0.31288665533065796,0.1565170491307093,0
471.9995242530713,0.5000829696655273,0.312810481,0.1564311940782659,0
472.9995232451329,0.5000829696655273,0.31288665533065796,0.15646928776646973,0
473.99952223719447,0.5002356171607971,0.3129628598690033,0.15655516935497893,0
474.99952122925606,0.5001593232154846,0.312810481,0.15645507826892313,0
475.99952022131765,0.5000829696655273,0.31288665533065796,0.15646928776646973,0
476.99951921337924,0.5003883242607117,0.312810481,0.15652671219593728,0
477.99951820544084,0.5000829696655273,0.31288665533065796,0.15646928776646973,0
478.9995171975024,0.5000829696655273,0.312810481,0.1564311940782659,0
479.9995162,0.5002356171607971,0.31303900480270386,0.1565932597628823,0
480.9995151816256,0.5003119707107544,0.31288665533065796,0.15654093913757805,0
481.9995141736872,0.5000829696655273,0.312810481,0.1564311940782659,0
482.9995131657488,0.5000829696655273,0.31288665533065796,0.15646928776646973,0
483.9995121578104,0.5000066161155701,0.312810481,0.15640730988760865,0
484.9995111,0.5000829696655273,0.31288665533065796,0.15646928776646973,0
485.99951014193357,0.5003119707107544,0.3129628598690033,0.1565790651803347,0
486.99950913399516,0.5000066161155701,0.312810481,0.15640730988760865,0
487.99950812605675,0.5002356171607971,0.3129628598690033,0.15655516935497893,0
488.99950711811834,0.5000829696655273,0.312810481,0.1564311940782659,0
489.99950611017994,0.5002356171607971,0.3129628598690033,0.15655516935497893,0
490.9995051022415,0.5002356171607971,0.3129628598690033,0.15655516935497893,0
491.9995040943031,0.5000066161155701,0.312810481,0.15640730988760865,0
492.9995030863647,0.5000829696655273,0.312810481,0.1564311940782659,0
493.9995020784263,0.5003119707107544,0.31303900480270386,0.15661716140217408,0
494.9995010704879,0.5000066161155701,0.3127342760562897,0.15636920711425795,0
495.9995000625495,0.5000829696655273,0.31288665533065796,0.15646928776646973,0
496.9994990546111,0.5003119707107544,0.3129628598690033,0.1565790651803347,0
497.99949804667267,0.5002356171607971,0.3129628598690033,0.15655516935497893,0
498.99949703873426,0.5000829696655273,0.31288665533065796,0.15646928776646973,0
499.99949603079585,0.5001593232154846,0.312810481,0.15645507826892313,0
500.99949502285745,0.5000066161155701,0.312810481,0.15640730988760865,0
501.99949401491904,0.5000829696655273,0.312810481,0.1564311940782659,0
502.99949300698063,0.5002356171607971,0.312810481,0.1564789438146228,0
503.9994919990422,0.5001593232154846,0.31288665533065796,0.1564931777733385,0
504.9994909911038,0.5003883242607117,0.312810481,0.15652671219593728,0
505.9994899831654,0.5000066161155701,0.3129628598690033,0.15648350053295168,0
506.999489,0.5000829696655273,0.312810481,0.1564311940782659,0
507.9994879672886,0.5002356171607971,0.31288665533065796,0.1565170491307093,0
508.9994869593502,0.5001593232154846,0.3127342760562897,0.15641696385859838,0
509.99948595141177,0.5000829696655273,0.3129628598690033,0.15650739635830746,0
510.99948494347336,0.5003119707107544,0.3127342760562897,0.15646470196252338,0
511.99948393553495,0.5002356171607971,0.312810481,0.1564789438146228,0
512.9994829275965,0.5000829696655273,0.3127342760562897,0.15639308548642816,0
513.9994819196581,0.5001593232154846,0.31288665533065796,0.1564931777733385,0
514.9994809117197,0.5000829696655273,0.312810481,0.1564311940782659,0
515.9994799037813,0.5003119707107544,0.312810481,0.15650282800528004,0
516.9994788958429,0.5001593232154846,0.3131152093410492,0.15660749119249395,0
517.9994778879045,0.5002356171607971,0.3129628598690033,0.15655516935497893,0
518.9994768799661,0.5000829696655273,0.31288665533065796,0.15646928776646973,0
519.9994758720277,0.4999302923679352,0.31288665533065796,0.1564215170774812,0
520.9994748640893,0.5001593232154846,0.31288665533065796,0.1564931777733385,0
521.9994738561509,0.5002356171607971,0.312810481,0.1564789438146228,0
522.9994728482125,0.5003883242607117,0.31288665533065796,0.1565648291444468,0
523.9994718,0.5001593232154846,0.3127342760562897,0.15641696385859838,0
524.9994708323356,0.4999302923679352,0.31288665533065796,0.1564215170774812,0
525.9994698243972,0.5002356171607971,0.3127342760562897,0.15644082359035316,0
526.9994688164588,0.5003119707107544,0.312810481,0.15650282800528004,0
527.9994678085204,0.5000829696655273,0.3129628598690033,0.15650739635830746,0
528.9994668,0.5000829696655273,0.3129628598690033,0.15650739635830746,0
529.9994657926436,0.5000829696655273,0.31303900480270386,0.15654547514287742,0
530.9994647847052,0.5001593232154846,0.31303900480270386,0.1565693767821692,0
531.9994637767668,0.5002356171607971,0.3129628598690033,0.15655516935497893,0
532.9994627688284,0.5002356171607971,0.3127342760562897,0.15644082359035316,0
533.9994618,0.4999302923679352,0.31288665533065796,0.1564215170774812,0
534.9994607529516,0.5000829696655273,0.3129628598690033,0.15650739635830746,0
535.9994597450132,0.5002356171607971,0.312810481,0.1564789438146228,0
536.9994587370747,0.5000066161155701,0.31288665533065796,0.15644539775960098,0
537.9994577291363,0.5001593232154846,0.3126581013202667,0.15637886435418302,0
538.9994567211979,0.5000829696655273,0.31288665533065796,0.15646928776646973,0
539.9994557132595,0.5003883242607117,0.312810481,0.15652671219593728,0
540.9994547053211,0.5001593232154846,0.3127342760562897,0.15641696385859838,0
541.9994536973827,0.5001593232154846,0.3129628598690033,0.15653129218366324,0
542.9994526894443,0.5001593232154846,0.31288665533065796,0.1564931777733385,0
543.9994516815059,0.5001593232154846,0.3129628598690033,0.15653129218366324,0
544.9994506735675,0.5000829696655273,0.312810481,0.1564311940782659,0
545.9994496656291,0.5001593232154846,0.312810481,0.15645507826892313,0
546.9994486576907,0.5000066161155701,0.3129628598690033,0.15648350053295168,0
547.9994476497523,0.5001593232154846,0.31288665533065796,0.1564931777733385,0
548.9994466418138,0.5001593232154846,0.312810481,0.15645507826892313,0
549.9994456338754,0.5002356171607971,0.312810481,0.1564789438146228,0
550.9994446,0.5002356171607971,0.3127342760562897,0.15644082359035316,0
551.9994436179986,0.4999302923679352,0.312810481,0.1563834350194302,0
552.9994426100602,0.5002356171607971,0.312810481,0.1564789438146228,0
553.9994416021218,0.5000829696655273,0.3127342760562897,0.15639308548642816,0
554.9994405941834,0.5003119707107544,0.312810481,0.15650282800528004,0
555.9994396,0.5001593232154846,0.3129628598690033,0.15653129218366324,0
556.9994385783066,0.5000829696655273,0.3127342760562897,0.15639308548642816,0
557.9994375703682,0.5003883242607117,0.312810481,0.15652671219593728,0
558.9994365624298,0.5001593232154846,0.3127342760562897,0.15641696385859838,0
559.9994355544914,0.5000829696655273,0.3126581013202667,0.15635499179822432,0
560.9994345,0.5001593232154846,0.31288665533065796,0.1564931777733385,0
561.9994335386145,0.5003119707107544,0.31288665533065796,0.15654093913757805,0
562.9994325306761,0.5001593232154846,0.3127342760562897,0.15641696385859838,0
563.9994315227377,0.5001593232154846,0.312810481,0.15645507826892313,0
564.9994305147993,0.5002356171607971,0.3127342760562897,0.15644082359035316,0
565.9994295068609,0.5000829696655273,0.3129628598690033,0.15650739635830746,0
566.9994284989225,0.5002356171607971,0.31288665533065796,0.1565170491307093,0
567.9994274909841,0.5000066161155701,0.31288665533065796,0.15644539775960098,0
568.9994264830457,0.5000829696655273,0.31288665533065796,0.15646928776646973,0
569.9994254751073,0.5002356171607971,0.312810481,0.1564789438146228,0
570.9994244671689,0.5002356171607971,0.3126581013202667,0.15640271827426666,0
571.9994234592305,0.5001593232154846,0.312810481,0.15645507826892313,0
572.9994225,0.5000829696655273,0.3127342760562897,0.15639308548642816,0
573.9994214433536,0.5001593232154846,0.3129628598690033,0.15653129218366324,0
574.9994204354152,0.5000066161155701,0.3127342760562897,0.15636920711425795,0
575.9994194274768,0.5000066161155701,0.31288665533065796,0.15644539775960098,0
576.9994184195384,0.5002356171607971,0.312810481,0.1564789438146228,0
577.9994174,0.5000829696655273,0.31288665533065796,0.15646928776646973,0
578.9994164036616,0.5003883242607117,0.3129628598690033,0.1566029610056905,0
579.9994153957232,0.5000829696655273,0.3126581013202667,0.15635499179822432,0
580.9994143877848,0.5000066161155701,0.3127342760562897,0.15636920711425795,0
581.9994133798464,0.5001593232154846,0.3129628598690033,0.15653129218366324,0
582.9994124,0.5002356171607971,0.31303900480270386,0.1565932597628823,0
583.9994113639696,0.5002356171607971,0.312810481,0.1564789438146228,0
584.9994103560311,0.5000829696655273,0.31288665533065796,0.15646928776646973,0
585.9994093480927,0.5000829696655273,0.31288665533065796,0.15646928776646973,0
586.9994083401543,0.4998539388179779,0.312810481,0.15635955082877295,0
587.9994073322159,0.5000829696655273,0.3126581013202667,0.15635499179822432,0
588.9994063242775,0.5003119707107544,0.312810481,0.15650282800528004,0
589.9994053163391,0.5000066161155701,0.3129628598690033,0.15648350053295168,0
590.9994043084007,0.5000829696655273,0.31288665533065796,0.15646928776646973,0
591.9994033004623,0.5000066161155701,0.31288665533065796,0.15644539775960098,0
592.9994022925239,0.5001593232154846,0.312810481,0.15645507826892313,0
593.9994012845855,0.5000829696655273,0.31288665533065796,0.15646928776646973,0
594.9994002766471,0.5000066161155701,0.3129628598690033,0.15648350053295168,0
595.9993992687087,0.4998539388179779,0.312810481,0.15635955082877295,0
596.9993982607702,0.5002356171607971,0.3129628598690033,0.15655516935497893,0
597.9993972528318,0.5003119707107544,0.312810481,0.15650282800528004,0
598.9993962448934,0.5000829696655273,0.312810481,0.1564311940782659,0
599.9993952,0.5000066161155701,0.31288665533065796,0.15644539775960098,0
600.9993942290166,0.5001593232154846,0.3127342760562897,0.15641696385859838,0
601.9993932210782,0.5001593232154846,0.3129628598690033,0.15653129218366324,0
602.9993922131398,0.5000829696655273,0.312810481,0.1564311940782659,0
603.9993912052014,0.5001593232154846,0.31303900480270386,0.1565693767821692,0
604.9993902,0.5002356171607971,0.3125819265842438,0.15636461295818016,0
605.9993891893246,0.5000066161155701,0.312810481,0.15640730988760865,0
606.9993881813862,0.4999302923679352,0.31303900480270386,0.1564976811935832,0
607.9993871734478,0.5002356171607971,0.31288665533065796,0.1565170491307093,0
608.9993861655093,0.5000829696655273,0.312810481,0.1564311940782659,0
609.9993851575709,0.5001593232154846,0.3129628598690033,0.15653129218366324,0
610.9993841496325,0.4999302923679352,0.31288665533065796,0.1564215170774812,0
611.9993831416941,0.5000829696655273,0.3127342760562897,0.15639308548642816,0
612.9993821337557,0.5000066161155701,0.312810481,0.15640730988760865,0
613.9993811258173,0.5002356171607971,0.3127342760562897,0.15644082359035316,0
614.9993801178789,0.5001593232154846,0.31288665533065796,0.1564931777733385,0
615.9993791099405,0.5000829696655273,0.312810481,0.1564311940782659,0
616.9993781020021,0.5005409717559814,0.312810481,0.15657446193229418,0
617.9993770940637,0.5000829696655273,0.31288665533065796,0.15646928776646973,0
618.9993760861253,0.5001593232154846,0.312810481,0.15645507826892313,0
619.9993750781869,0.5001593232154846,0.312810481,0.15645507826892313,0
620.9993740702485,0.5000066161155701,0.31288665533065796,0.15644539775960098,0
621.9993731,0.4999302923679352,0.312810481,0.1563834350194302,0
622.9993720543716,0.5001593232154846,0.312810481,0.15645507826892313,0
623.9993710464332,0.5000066161155701,0.31288665533065796,0.15644539775960098,0
624.9993700384948,0.5000829696655273,0.31303900480270386,0.15654547514287742,0
625.9993690305564,0.5002356171607971,0.3127342760562897,0.15644082359035316,0
626.999368,0.5001593232154846,0.31288665533065796,0.1564931777733385,0
627.9993670146796,0.5002356171607971,0.312810481,0.1564789438146228,0
628.9993660067412,0.5000066161155701,0.31288665533065796,0.15644539775960098,0
629.9993649988028,0.5002356171607971,0.312810481,0.1564789438146228,0
630.9993639908644,0.5003119707107544,0.3129628598690033,0.1565790651803347,0
631.999363,0.5002356171607971,0.31288665533065796,0.1565170491307093,0
632.9993619749876,0.5002356171607971,0.3129628598690033,0.15655516935497893,0
633.9993609670491,0.5000829696655273,0.31303900480270386,0.15654547514287742,0
634.9993599591107,0.5002356171607971,0.3127342760562897,0.15644082359035316,0
635.9993589511723,0.4999302923679352,0.3129628598690033,0.15645961403461595,0
636.9993579432339,0.5002356171607971,0.3129628598690033,0.15655516935497893,0
637.9993569352955,0.5001593232154846,0.31288665533065796,0.1564931777733385,0
638.9993559273571,0.5003119707107544,0.312810481,0.15650282800528004,0
639.9993549194187,0.5000066161155701,0.31288665533065796,0.15644539775960098,0
640.9993539114803,0.5003883242607117,0.3131152093410492,0.15667919490270954,0
641.9993529035419,0.5003883242607117,0.3129628598690033,0.1566029610056905,0
642.9993518956035,0.5002356171607971,0.312810481,0.1564789438146228,0
643.9993508876651,0.5000066161155701,0.312810481,0.15640730988760865,0
644.9993498797267,0.5000829696655273,0.3129628598690033,0.15650739635830746,0
645.9993488717882,0.5003119707107544,0.3127342760562897,0.15646470196252338,0
646.9993478638498,0.5000829696655273,0.3129628598690033,0.15650739635830746,0
647.9993468559114,0.5002356171607971,0.312810481,0.1564789438146228,0
648.9993458,0.5003119707107544,0.31303900480270386,0.15661716140217408,0
649.9993448400346,0.5001593232154846,0.312810481,0.15645507826892313,0
650.9993438320962,0.5003119707107544,0.312810481,0.15650282800528004,0
651.9993428241578,0.5002356171607971,0.312810481,0.1564789438146228,0
652.9993418162194,0.5002356171607971,0.31288665533065796,0.1565170491307093,0
653.9993408,0.5002356171607971,0.31288665533065796,0.1565170491307093,0
654.9993398003426,0.5003119707107544,0.31288665533065796,0.15654093913757805,0
655.9993387924042,0.5000829696655273,0.3127342760562897,0.15639308548642816,0
656.9993377844658,0.5003119707107544,0.3129628598690033,0.1565790651803347,0
657.9993367765273,0.5001593232154846,0.31288665533065796,0.1564931777733385,0
658.9993357685889,0.5001593232154846,0.31288665533065796,0.1564931777733385,0
659.9993347606505,0.5000066161155701,0.312810481,0.15640730988760865,0
660.9993337527121,0.5000829696655273,0.31288665533065796,0.15646928776646973,0
661.9993327447737,0.5003119707107544,0.31303900480270386,0.15661716140217408,0
662.9993317368353,0.5002356171607971,0.3131152093410492,0.15663137998715193,0
663.9993307288969,0.5002356171607971,0.312810481,0.1564789438146228,0
664.9993297209585,0.5000829696655273,0.31303900480270386,0.15654547514287742,0
665.9993287130201,0.5000829696655273,0.3129628598690033,0.15650739635830746,0
666.9993277050817,0.5001593232154846,0.312810481,0.15645507826892313,0
667.9993266971433,0.5002356171607971,0.3129628598690033,0.15655516935497893,0
668.9993256892049,0.5000066161155701,0.3129628598690033,0.15648350053295168,0
669.9993246812664,0.5000829696655273,0.31303900480270386,0.15654547514287742,0
670.9993237,0.5000829696655273,0.3129628598690033,0.15650739635830746,0
671.9993226653896,0.5001593232154846,0.31303900480270386,0.1565693767821692,0
672.9993216574512,0.5003119707107544,0.312810481,0.15650282800528004,0
673.9993206495128,0.5000829696655273,0.31319141387939453,0.15662169232655287,0
674.9993196415744,0.5001593232154846,0.31319141387939453,0.1566456056028187,0
675.9993186,0.5002356171607971,0.31288665533065796,0.1565170491307093,0
676.9993176256976,0.4999302923679352,0.3127342760562897,0.15634533806229545,0
677.9993166177592,0.5002356171607971,0.3129628598690033,0.15655516935497893,0
678.9993156098208,0.5002356171607971,0.31288665533065796,0.1565170491307093,0
679.9993146018824,0.5002356171607971,0.31288665533065796,0.1565170491307093,0
680.9993136,0.5003883242607117,0.312810481,0.15652671219593728,0
681.9993125860055,0.5003119707107544,0.3127342760562897,0.15646470196252338,0
682.9993115780671,0.5002356171607971,0.31288665533065796,0.1565170491307093,0
683.9993105701287,0.5000829696655273,0.312810481,0.1564311940782659,0
684.9993095621903,0.5000829696655273,0.3127342760562897,0.15639308548642816,0
685.9993085542519,0.5003119707107544,0.31288665533065796,0.15654093913757805,0
686.9993075463135,0.5002356171607971,0.312810481,0.1564789438146228,0
687.9993065383751,0.5001593232154846,0.31288665533065796,0.1564931777733385,0
688.9993055304367,0.5002356171607971,0.312810481,0.1564789438146228,0
689.9993045224983,0.5000829696655273,0.31288665533065796,0.15646928776646973,0
690.9993035145599,0.5001593232154846,0.3129628598690033,0.15653129218366324,0
691.9993025066215,0.5002356171607971,0.3127342760562897,0.15644082359035316,0
692.9993015,0.5000829696655273,0.31319141387939453,0.15662169232655287,0
693.9993004907446,0.5000829696655273,0.3127342760562897,0.15639308548642816,0
694.9992994828062,0.5002356171607971,0.3129628598690033,0.15655516935497893,0
695.9992984748678,0.5001593232154846,0.31288665533065796,0.1564931777733385,0
696.9992974669294,0.5001593232154846,0.31288665533065796,0.1564931777733385,0
697.9992965,0.5002356171607971,0.312810481,0.1564789438146228,0
698.9992954510526,0.5000066161155701,0.3129628598690033,0.15648350053295168,0
699.9992944431142,0.5003119707107544,0.312810481,0.15650282800528004,0
700.9992934351758,0.5001593232154846,0.3129628598690033,0.15653129218366324,0
701.9992924272374,0.5000829696655273,0.3129628598690033,0.15650739635830746,0
702.9992914,0.5001593232154846,0.31288665533065796,0.1564931777733385,0
703.9992904113606,0.5002356171607971,0.31288665533065796,0.1565170491307093,0
704.9992894034222,0.5003119707107544,0.31288665533065796,0.15654093913757805,0
705.9992883954837,0.5004646182060242,0.3129628598690033,0.15662683817700618,0
706.9992873875453,0.5003119707107544,0.312810481,0.15650282800528004,0
707.9992863796069,0.5000066161155701,0.312810481,0.15640730988760865,0
708.9992853716685,0.5002356171607971,0.31288665533065796,0.1565170491307093,0
709.9992843637301,0.5002356171607971,0.312810481,0.1564789438146228,0
710.9992833557917,0.5001593232154846,0.312810481,0.15645507826892313,0
711.9992823478533,0.5001593232154846,0.3127342760562897,0.15641696385859838,0
712.9992813399149,0.5002356171607971,0.3127342760562897,0.15644082359035316,0
713.9992803319765,0.5001593232154846,0.31288665533065796,0.1564931777733385,0
714.9992793240381,0.5000829696655273,0.312810481,0.1564311940782659,0
715.9992783160997,0.5002356171607971,0.31288665533065796,0.1565170491307093,0
716.9992773081613,0.5002356171607971,0.312810481,0.1564789438146228,0
717.9992763002228,0.5003119707107544,0.312810481,0.15650282800528004,0
718.9992752922844,0.5000066161155701,0.3127342760562897,0.15636920711425795,0
719.9992743,0.5003119707107544,0.3129628598690033,0.1565790651803347,0
720.9992732764076,0.5000829696655273,0.31288665533065796,0.15646928776646973,0
721.9992722684692,0.5000829696655273,0.312810481,0.1564311940782659,0
722.9992712605308,0.5001593232154846,0.3129628598690033,0.15653129218366324,0
723.9992702525924,0.5000066161155701,0.312810481,0.15640730988760865,0
724.9992692,0.5002356171607971,0.3127342760562897,0.15644082359035316,0
725.9992682367156,0.5000829696655273,0.31288665533065796,0.15646928776646973,0
726.9992672287772,0.5003119707107544,0.312810481,0.15650282800528004,0
727.9992662208388,0.5001593232154846,0.312810481,0.15645507826892313,0
728.9992652129004,0.5002356171607971,0.3126581013202667,0.15640271827426666,0
729.9992642,0.5001593232154846,0.312810481,0.15645507826892313,0
730.9992631970235,0.5002356171607971,0.312810481,0.1564789438146228,0
731.9992621890851,0.5002356171607971,0.3126581013202667,0.15640271827426666,0
732.9992611811467,0.5001593232154846,0.3127342760562897,0.15641696385859838,0
733.9992601732083,0.5000066161155701,0.3127342760562897,0.15636920711425795,0
734.9992591652699,0.5002356171607971,0.3127342760562897,0.15644082359035316,0
735.9992581573315,0.5002356171607971,0.312810481,0.1564789438146228,0
736.9992571493931,0.5002356171607971,0.312810481,0.1564789438146228,0
737.9992561414547,0.4999302923679352,0.31288665533065796,0.1564215170774812,0
738.9992551335163,0.5002356171607971,0.312810481,0.1564789438146228,0
739.9992541255779,0.5002356171607971,0.3126581013202667,0.15640271827426666,0
740.9992531176395,0.5000066161155701,0.3127342760562897,0.15636920711425795,0
741.9992521,0.5000066161155701,0.3126581013202667,0.15633111924226561,0
742.9992511017626,0.5001593232154846,0.3127342760562897,0.15641696385859838,0
743.9992500938242,0.5002356171607971,0.31288665533065796,0.1565170491307093,0
744.9992490858858,0.5003119707107544,0.3129628598690033,0.1565790651803347,0
745.9992480779474,0.5002356171607971,0.31288665533065796,0.1565170491307093,0
746.9992471,0.5002356171607971,0.3125819265842438,0.15636461295818016,0
747.9992460620706,0.5001593232154846,0.312810481,0.15645507826892313,0
748.9992450541322,0.5003119707107544,0.312810481,0.15650282800528004,0
749.9992440461938,0.5001593232154846,0.3126581013202667,0.15637886435418302,0
750.9992430382554,0.5001593232154846,0.3127342760562897,0.15641696385859838,0
751.999242,0.5000829696655273,0.3127342760562897,0.15639308548642816,0
752.9992410223786,0.5001593232154846,0.312810481,0.15645507826892313,0
753.9992400144401,0.5000829696655273,0.31250572204589844,0.15627878951818275,0
754.9992390065017,0.5000829696655273,0.3126581013202667,0.15635499179822432,0
755.9992379985633,0.5000066161155701,0.3126581013202667,0.15633111924226561,0
756.9992369906249,0.5001593232154846,0.3126581013202667,0.15637886435418302,0
757.9992359826865,0.5002356171607971,0.3125819265842438,0.15636461295818016,0
758.9992349747481,0.5001593232154846,0.31288665533065796,0.1564931777733385,0
759.9992339668097,0.5001593232154846,0.31288665533065796,0.1564931777733385,0
760.9992329588713,0.5002356171607971,0.3127342760562897,0.15644082359035316,0
761.9992319509329,0.5000066161155701,0.3127342760562897,0.15636920711425795,0
762.9992309429945,0.5002356171607971,0.3126581013202667,0.15640271827426666,0
763.9992299350561,0.5000829696655273,0.31288665533065796,0.15646928776646973,0
764.9992289271177,0.4998539388179779,0.3125819265842438,0.15624530720644625,0
765.9992279191792,0.5002356171607971,0.3126581013202667,0.15640271827426666,0
766.9992269112408,0.5003119707107544,0.3127342760562897,0.15646470196252338,0
767.9992259033024,0.5004646182060242,0.3126581013202667,0.1564743173062677,0
768.9992249,0.5003119707107544,0.3126581013202667,0.15642659083022536,0
769.9992238874256,0.5002356171607971,0.3126581013202667,0.15640271827426666,0
770.9992228794872,0.5001593232154846,0.312810481,0.15645507826892313,0
771.9992218715488,0.5002356171607971,0.3126581013202667,0.15640271827426666,0
772.9992208636104,0.5001593232154846,0.312810481,0.15645507826892313,0
773.9992199,0.5003119707107544,0.3127342760562897,0.15646470196252338,0
774.9992188477336,0.5001593232154846,0.3129628598690033,0.15653129218366324,0
775.9992178397952,0.5001593232154846,0.3125819265842438,0.15634076484976767,0
776.9992168318568,0.5000066161155701,0.3126581013202667,0.15633111924226561,0
777.9992158239183,0.5002356171607971,0.3125819265842438,0.15636461295818016,0
778.9992148159799,0.5001593232154846,0.3127342760562897,0.15641696385859838,0
779.9992138080415,0.5001593232154846,0.312810481,0.15645507826892313,0
780.9992128001031,0.5001593232154846,0.3126581013202667,0.15637886435418302,0
781.9992117921647,0.5002356171607971,0.3125819265842438,0.15636461295818016,0
782.9992107842263,0.4999302923679352,0.31288665533065796,0.1564215170774812,0
783.9992097762879,0.5000829696655273,0.3125819265842438,0.15631689811002047,0
784.9992087683495,0.5002356171607971,0.3127342760562897,0.15644082359035316,0
785.9992077604111,0.4999302923679352,0.312810481,0.1563834350194302,0
786.9992067524727,0.5003119707107544,0.3126581013202667,0.15642659083022536,0
787.9992057445343,0.5000829696655273,0.3127342760562897,0.15639308548642816,0
788.9992047365959,0.5002356171607971,0.312810481,0.1564789438146228,0
789.9992037286574,0.5000829696655273,0.31288665533065796,0.15646928776646973,0
790.9992027,0.5000829696655273,0.3126581013202667,0.15635499179822432,0
791.9992017127806,0.5002356171607971,0.312810481,0.1564789438146228,0
792.9992007048422,0.5002356171607971,0.3126581013202667,0.15640271827426666,0
793.9991996969038,0.5003883242607117,0.31288665533065796,0.1565648291444468,0
794.9991986889654,0.5000066161155701,0.312810481,0.15640730988760865,0
795.9991977,0.5000829696655273,0.3126581013202667,0.15635499179822432,0
796.9991966730886,0.5002356171607971,0.312810481,0.1564789438146228,0
797.9991956651502,0.5002356171607971,0.3126581013202667,0.15640271827426666,0
798.9991946572118,0.5000066161155701,0.3127342760562897,0.15636920711425795,0
799.9991936492734,0.5000829696655273,0.3126581013202667,0.15635499179822432,0
800.9991926,0.5002356171607971,0.3126581013202667,0.15640271827426666,0
801.9991916333965,0.5001593232154846,0.312810481,0.15645507826892313,0
802.9991906254581,0.5002356171607971,0.3126581013202667,0.15640271827426666,0
803.9991896175197,0.5003119707107544,0.3127342760562897,0.15646470196252338,0
804.9991886095813,0.5000829696655273,0.31288665533065796,0.15646928776646973,0
805.9991876016429,0.5002356171607971,0.31288665533065796,0.1565170491307093,0
806.9991865937045,0.5001593232154846,0.3127342760562897,0.15641696385859838,0
807.9991855857661,0.5001593232154846,0.3125819265842438,0.15634076484976767,0
808.9991845778277,0.5000829696655273,0.3127342760562897,0.15639308548642816,0
809.9991835698893,0.5000829696655273,0.3125819265842438,0.15631689811002047,0
810.9991825619509,0.5000829696655273,0.312810481,0.1564311940782659,0
811.9991815540125,0.5000829696655273,0.3127342760562897,0.15639308548642816,0
812.9991805460741,0.5003119707107544,0.3126581013202667,0.15642659083022536,0
813.9991795381356,0.5003119707107544,0.3125819265842438,0.15638847969792735,0
814.9991785301972,0.5001593232154846,0.3126581013202667,0.15637886435418302,0
815.9991775222588,0.5002356171607971,0.312810481,0.1564789438146228,0
816.9991765143204,0.5002356171607971,0.3126581013202667,0.15640271827426666,0
817.9991755,0.5000829696655273,0.3126581013202667,0.15635499179822432,0
818.9991744984436,0.5003883242607117,0.3126581013202667,0.15645046338618407,0
819.9991734905052,0.5003883242607117,0.312810481,0.15652671219593728,0
820.9991724825668,0.5002356171607971,0.3125819265842438,0.15636461295818016,0
821.9991714746284,0.5000829696655273,0.31250572204589844,0.15627878951818275,0
822.9991705,0.5001593232154846,0.3125819265842438,0.15634076484976767,0
823.9991694587516,0.5002356171607971,0.3126581013202667,0.15640271827426666,0
824.9991684508132,0.5000829696655273,0.312810481,0.1564311940782659,0
825.9991674428748,0.5000829696655273,0.3125819265842438,0.15631689811002047,0
826.9991664349363,0.5002356171607971,0.3125819265842438,0.15636461295818016,0
827.9991654269979,0.5001593232154846,0.3129628598690033,0.15653129218366324,0
828.9991644190595,0.5003119707107544,0.3125819265842438,0.15638847969792735,0
829.9991634111211,0.5001593232154846,0.3125819265842438,0.15634076484976767,0
830.9991624031827,0.5000829696655273,0.3125819265842438,0.15631689811002047,0
831.9991613952443,0.5002356171607971,0.3127342760562897,0.15644082359035316,0
832.9991603873059,0.5002356171607971,0.312810481,0.1564789438146228,0
833.9991593793675,0.5000829696655273,0.3125819265842438,0.15631689811002047,0
834.9991583714291,0.5000066161155701,0.312810481,0.15640730988760865,0
835.9991573634907,0.5003883242607117,0.312810481,0.15652671219593728,0
836.9991563555523,0.5001593232154846,0.3125819265842438,0.15634076484976767,0
837.9991553476139,0.5002356171607971,0.312810481,0.1564789438146228,0
838.9991543396754,0.5003119707107544,0.3126581013202667,0.15642659083022536,0
839.9991533,0.5002356171607971,0.3127342760562897,0.15644082359035316,0
840.9991523237986,0.5001593232154846,0.31288665533065796,0.1564931777733385,0
841.9991513158602,0.5000829696655273,0.3125819265842438,0.15631689811002047,0
842.9991503079218,0.5000829696655273,0.3126581013202667,0.15635499179822432,0
843.9991492999834,0.5002356171607971,0.312810481,0.1564789438146228,0
844.9991483,0.5002356171607971,0.3127342760562897,0.15644082359035316,0
845.9991472841066,0.5000829696655273,0.3129628598690033,0.15650739635830746,0
846.9991462761682,0.5002356171607971,0.3127342760562897,0.15644082359035316,0
847.9991452682298,0.5000829696655273,0.3127342760562897,0.15639308548642816,0
848.9991442602914,0.5000066161155701,0.312810481,0.15640730988760865,0
849.9991433,0.5000829696655273,0.3126581013202667,0.15635499179822432,0
850.9991422444145,0.5001593232154846,0.3126581013202667,0.15637886435418302,0
851.9991412364761,0.5000829696655273,0.312810481,0.1564311940782659,0
852.9991402285377,0.5000829696655273,0.3127342760562897,0.15639308548642816,0
853.9991392205993,0.5001593232154846,0.3127342760562897,0.15641696385859838,0
854.9991382126609,0.5002356171607971,0.312810481,0.1564789438146228,0
855.9991372047225,0.5003883242607117,0.3126581013202667,0.15645046338618407,0
856.9991361967841,0.5001593232154846,0.31288665533065796,0.1564931777733385,0
857.9991351888457,0.5000066161155701,0.3126581013202667,0.15633111924226561,0
858.9991341809073,0.5003883242607117,0.3126581013202667,0.15645046338618407,0
859.9991331729689,0.5003119707107544,0.3126581013202667,0.15642659083022536,0
860.9991321650305,0.5003119707107544,0.312810481,0.15650282800528004,0
861.9991312,0.5001593232154846,0.31288665533065796,0.1564931777733385,0
862.9991301491536,0.5000066161155701,0.3125819265842438,0.15629303137027328,0
863.9991291412152,0.5000066161155701,0.3126581013202667,0.15633111924226561,0
864.9991281332768,0.5002356171607971,0.3127342760562897,0.15644082359035316,0
865.9991271253384,0.5000829696655273,0.3126581013202667,0.15635499179822432,0
866.9991261,0.5002356171607971,0.3127342760562897,0.15644082359035316,0
867.9991251094616,0.5002356171607971,0.3129628598690033,0.15655516935497893,0
868.9991241015232,0.5002356171607971,0.3126581013202667,0.15640271827426666,0
869.9991230935848,0.5001593232154846,0.312810481,0.15645507826892313,0
870.9991220856464,0.5004646182060242,0.3126581013202667,0.1564743173062677,0
871.9991211,0.5000829696655273,0.3125819265842438,0.15631689811002047,0
872.9991200697696,0.4998539388179779,0.3127342760562897,0.15632145969012523,0
873.9991190618312,0.5002356171607971,0.3126581013202667,0.15640271827426666,0
874.9991180538927,0.5000829696655273,0.31288665533065796,0.15646928776646973,0
875.9991170459543,0.5002356171607971,0.312810481,0.1564789438146228,0
876.9991160380159,0.5000829696655273,0.3125819265842438,0.15631689811002047,0
877.9991150300775,0.5000066161155701,0.3126581013202667,0.15633111924226561,0
878.9991140221391,0.5002356171607971,0.3129628598690033,0.15655516935497893,0
879.9991130142007,0.5003119707107544,0.3126581013202667,0.15642659083022536,0
880.9991120062623,0.5002356171607971,0.3126581013202667,0.15640271827426666,0
881.9991109983239,0.5001593232154846,0.3126581013202667,0.15637886435418302,0
882.9991099903855,0.5001593232154846,0.3125819265842438,0.15634076484976767,0
883.9991089824471,0.5001593232154846,0.3126581013202667,0.15637886435418302,0
884.9991079745087,0.5000829696655273,0.3126581013202667,0.15635499179822432,0
885.9991069665703,0.5002356171607971,0.3126581013202667,0.15640271827426666,0
886.9991059586318,0.5003883242607117,0.3126581013202667,0.15645046338618407,0
887.9991049506934,0.5000066161155701,0.3127342760562897,0.15636920711425795,0
888.9991039,0.5002356171607971,0.3127342760562897,0.15644082359035316,0
889.9991029348166,0.5003883242607117,0.3127342760562897,0.1564885803346936,0
890.9991019268782,0.5000066161155701,0.3127342760562897,0.15636920711425795,0
891.9991009189398,0.5001593232154846,0.3126581013202667,0.15637886435418302,0
892.9990999110014,0.5000829696655273,0.3127342760562897,0.15639308548642816,0
893.9990989,0.5003119707107544,0.31288665533065796,0.15654093913757805,0
894.9990978951246,0.5003119707107544,0.3127342760562897,0.15646470196252338,0
895.9990968871862,0.5000829696655273,0.3126581013202667,0.15635499179822432,0
896.9990958792478,0.5000829696655273,0.31250572204589844,0.15627878951818275,0
897.9990948713094,0.5002356171607971,0.3126581013202667,0.15640271827426666,0
898.9990939,0.5001593232154846,0.3127342760562897,0.15641696385859838,0
899.9990928554325,0.5000829696655273,0.3125819265842438,0.15631689811002047,0
900.9990918474941,0.5001593232154846,0.3127342760562897,0.15641696385859838,0
901.9990908395557,0.5000066161155701,0.3126581013202667,0.15633111924226561,0
902.9990898316173,0.5003883242607117,0.312810481,0.15652671219593728,0
903.9990888236789,0.5002356171607971,0.312810481,0.1564789438146228,0
904.9990878157405,0.5002356171607971,0.3127342760562897,0.15644082359035316,0
905.9990868078021,0.5001593232154846,0.3127342760562897,0.15641696385859838,0
906.9990857998637,0.5001593232154846,0.3126581013202667,0.15637886435418302,0
907.9990847919253,0.5001593232154846,0.31250572204589844,0.15630265043944291,0
908.9990837839869,0.5002356171607971,0.3126581013202667,0.15640271827426666,0
909.9990827760485,0.5001593232154846,0.3127342760562897,0.15641696385859838,0
910.9990818,0.5000829696655273,0.3127342760562897,0.15639308548642816,0
911.9990807601716,0.5000829696655273,0.3126581013202667,0.15635499179822432,0
912.9990797522332,0.5001593232154846,0.3125819265842438,0.15634076484976767,0
913.9990787442948,0.5002356171607971,0.3127342760562897,0.15644082359035316,0
914.9990777363564,0.5001593232154846,0.3125819265842438,0.15634076484976767,0
915.9990767,0.5001593232154846,0.31288665533065796,0.1564931777733385,0
916.9990757204796,0.4999302923679352,0.3127342760562897,0.15634533806229545,0
917.9990747125412,0.4999302923679352,0.3125819265842438,0.15626917394619344,0
918.9990737046028,0.5000829696655273,0.312810481,0.1564311940782659,0
919.9990726966644,0.5000829696655273,0.3125819265842438,0.15631689811002047,0
920.9990717,0.5000066161155701,0.312810481,0.15640730988760865,0
921.9990706807876,0.5002356171607971,0.312810481,0.1564789438146228,0
922.9990696728491,0.5001593232154846,0.3126581013202667,0.15637886435418302,0
923.9990686649107,0.5003119707107544,0.3125819265842438,0.15638847969792735,0
924.9990676569723,0.5000829696655273,0.3127342760562897,0.15639308548642816,0
925.9990666490339,0.5002356171607971,0.3125819265842438,0.15636461295818016,0
926.9990656410955,0.5003119707107544,0.3126581013202667,0.15642659083022536,0
927.9990646331571,0.5000829696655273,0.3126581013202667,0.15635499179822432,0
928.9990636252187,0.5000829696655273,0.3127342760562897,0.15639308548642816,0
929.9990626172803,0.5000829696655273,0.3127342760562897,0.15639308548642816,0
930.9990616093419,0.5003119707107544,0.312810481,0.15650282800528004,0
931.9990606014035,0.5000066161155701,0.312810481,0.15640730988760865,0
932.9990595934651,0.5001593232154846,0.3127342760562897,0.15641696385859838,0
933.9990585855267,0.5000829696655273,0.312810481,0.1564311940782659,0
934.9990575775882,0.5001593232154846,0.312810481,0.15645507826892313,0
935.9990565696498,0.5000829696655273,0.3127342760562897,0.15639308548642816,0
936.9990555617114,0.5001593232154846,0.3127342760562897,0.15641696385859838,0
937.9990546,0.5000829696655273,0.3125819265842438,0.15631689811002047,0
938.9990535458346,0.5002356171607971,0.3126581013202667,0.15640271827426666,0
939.9990525378962,0.5000066161155701,0.31288665533065796,0.15644539775960098,0
940.9990515299578,0.5002356171607971,0.312810481,0.1564789438146228,0
941.9990505220194,0.5002356171607971,0.3127342760562897,0.15644082359035316,0
942.9990495,0.5000829696655273,0.3127342760562897,0.15639308548642816,0
943.9990485061426,0.5000829696655273,0.312810481,0.1564311940782659,0
944.9990474982042,0.5003119707107544,0.3127342760562897,0.15646470196252338,0
945.9990464902658,0.5002356171607971,0.3127342760562897,0.15644082359035316,0
946.9990454823273,0.5002356171607971,0.312810481,0.1564789438146228,0
947.9990444743889,0.5001593232154846,0.3127342760562897,0.15641696385859838,0
948.9990434664505,0.5000829696655273,0.3126581013202667,0.15635499179822432,0
949.9990424585121,0.5002356171607971,0.3124295175075531,0.1562883725096409,0
950.9990414505737,0.5000829696655273,0.3127342760562897,0.15639308548642816,0
951.9990404426353,0.5003119707107544,0.312810481,0.15650282800528004,0
952.9990394346969,0.5000066161155701,0.312810481,0.15640730988760865,0
953.9990384267585,0.5000066161155701,0.3125819265842438,0.15629303137027328,0
954.9990374188201,0.5000066161155701,0.3126581013202667,0.15633111924226561,0
955.9990364108817,0.5002356171607971,0.3126581013202667,0.15640271827426666,0
956.9990354029433,0.5000066161155701,0.3126581013202667,0.15633111924226561,0
957.9990343950049,0.5000829696655273,0.3125819265842438,0.15631689811002047,0
958.9990333870664,0.5001593232154846,0.3126581013202667,0.15637886435418302,0
959.9990324,0.5000829696655273,0.3125819265842438,0.15631689811002047,0
960.9990313711896,0.5001593232154846,0.312810481,0.15645507826892313,0
961.9990303632512,0.5001593232154846,0.3127342760562897,0.15641696385859838,0
962.9990293553128,0.5001593232154846,0.3126581013202667,0.15637886435418302,0
963.9990283473744,0.5000829696655273,0.3127342760562897,0.15639308548642816,0
964.9990273,0.5003119707107544,0.3127342760562897,0.15646470196252338,0
965.9990263314976,0.5000829696655273,0.3127342760562897,0.15639308548642816,0
966.9990253235592,0.5001593232154846,0.3126581013202667,0.15637886435418302,0
967.9990243156208,0.5000829696655273,0.3127342760562897,0.15639308548642816,0
968.9990233076824,0.5001593232154846,0.3127342760562897,0.15641696385859838,0
969.9990223,0.5000829696655273,0.3125819265842438,0.15631689811002047,0
970.9990212918055,0.5000829696655273,0.3127342760562897,0.15639308548642816,0
971.9990202838671,0.5003119707107544,0.3126581013202667,0.15642659083022536,0
972.9990192759287,0.5001593232154846,0.3126581013202667,0.15637886435418302,0
973.9990182679903,0.5002356171607971,0.3127342760562897,0.15644082359035316,0
974.9990172600519,0.5000066161155701,0.3125819265842438,0.15629303137027328,0
975.9990162521135,0.5001593232154846,0.3127342760562897,0.15641696385859838,0
976.9990152441751,0.5000066161155701,0.3127342760562897,0.15636920711425795,0
977.9990142362367,0.5002356171607971,0.3126581013202667,0.15640271827426666,0
978.9990132282983,0.5003119707107544,0.3125819265842438,0.15638847969792735,0
979.9990122203599,0.5001593232154846,0.3125819265842438,0.15634076484976767,0
980.9990112124215,0.5000066161155701,0.3126581013202667,0.15633111924226561,0
981.9990102,0.5003119707107544,0.31288665533065796,0.15654093913757805,0
982.9990091965446,0.5000066161155701,0.3125819265842438,0.15629303137027328,0
983.9990081886062,0.5000829696655273,0.3125819265842438,0.15631689811002047,0
984.9990071806678,0.5003119707107544,0.3125819265842438,0.15638847969792735,0
985.9990061727294,0.5003883242607117,0.3125819265842438,0.15641234643767454,0
986.9990052,0.5003883242607117,0.3127342760562897,0.1564885803346936,0
987.9990041568526,0.5002356171607971,0.3125819265842438,0.15636461295818016,0
988.9990031489142,0.5002356171607971,0.3125819265842438,0.15636461295818016,0
989.9990021409758,0.5000066161155701,0.312810481,0.15640730988760865,0
990.9990011330374,0.5003119707107544,0.3127342760562897,0.15646470196252338,0
991.9990001,0.5000829696655273,0.3126581013202667,0.15635499179822432,0
992.9989991171606,0.5003119707107544,0.3125819265842438,0.15638847969792735,0
993.9989981092222,0.5005409717559814,0.3126581013202667,0.1564981898622264,0
994.9989971012837,0.5000829696655273,0.312810481,0.1564311940782659,0
995.9989960933453,0.5000829696655273,0.3126581013202667,0.15635499179822432,0
996.9989950854069,0.5001593232154846,0.3126581013202667,0.15637886435418302,0
997.9989940774685,0.5001593232154846,0.3127342760562897,0.15641696385859838,0
998.9989930695301,0.5002356171607971,0.3126581013202667,0.15640271827426666,0
999.9989920615917,0.5001593232154846,0.3126581013202667,0.15637886435418302,0
1000.9989910536533,0.5003119707107544,0.31250572204589844,0.1563503536551707,0
1001.9989900457149,0.5002356171607971,0.3125819265842438,0.15636461295818016,0
1002.9989890377765,0.5000829696655273,0.3127342760562897,0.15639308548642816,0
1003.9989880298381,0.5001593232154846,0.3126581013202667,0.15637886435418302,0
1004.9989870218997,0.5003883242607117,0.312810481,0.15652671219593728,0
1005.9989860139613,0.5003119707107544,0.3126581013202667,0.15642659083022536,0
1006.9989850060228,0.5000066161155701,0.31250572204589844,0.15625492859692258,0
1007.9989839980844,0.5000829696655273,0.3126581013202667,0.15635499179822432,0
1008.998982990146,0.5000829696655273,0.3125819265842438,0.15631689811002047,0
1009.9989819822076,0.5000829696655273,0.31250572204589844,0.15627878951818275,0
1010.9989809742692,0.5000066161155701,0.3126581013202667,0.15633111924226561,0
1011.9989799663308,0.5001593232154846,0.3127342760562897,0.15641696385859838,0
1012.9989789583924,0.5000066161155701,0.3126581013202667,0.15633111924226561,0
1013.998977950454,0.5000829696655273,0.3126581013202667,0.15635499179822432,0
1014.9989769425156,0.5000829696655273,0.3126581013202667,0.15635499179822432,0
1015.9989759345772,0.5003883242607117,0.3126581013202667,0.15645046338618407,0
1016.9989749266388,0.5002356171607971,0.3125819265842438,0.15636461295818016,0
1017.9989739187004,0.5000829696655273,0.312810481,0.1564311940782659,0
1018.998972910762,0.5001593232154846,0.3126581013202667,0.15637886435418302,0
1019.9989719028235,0.5000066161155701,0.312810481,0.15640730988760865,0
1020.9989708948851,0.5003883242607117,0.312810481,0.15652671219593728,0
1021.9989698869467,0.5000066161155701,0.3126581013202667,0.15633111924226561,0
1022.9989688790083,0.5003119707107544,0.3127342760562897,0.15646470196252338,0
1023.9989678710699,0.5003119707107544,0.312810481,0.15650282800528004,0
1024.9989668631315,0.5001593232154846,0.3127342760562897,0.15641696385859838,0
1025.998965855193,0.5000066161155701,0.31288665533065796,0.15644539775960098,0
1026.9989648472547,0.5000829696655273,0.3126581013202667,0.15635499179822432,0
1027.9989638393163,0.5001593232154846,0.3127342760562897,0.15641696385859838,0
1028.9989628313779,0.5003883242607117,0.3125819265842438,0.15641234643767454,0
1029.9989618234395,0.5002356171607971,0.3126581013202667,0.15640271827426666,0
1030.998960815501,0.5002356171607971,0.3126581013202667,0.15640271827426666,0
1031.9989598075626,0.5002356171607971,0.312810481,0.1564789438146228,0
1032.9989587996242,0.5001593232154846,0.3126581013202667,0.15637886435418302,0
1033.9989577916858,0.5000829696655273,0.3126581013202667,0.15635499179822432,0
1034.9989567837474,0.5001593232154846,0.3126581013202667,0.15637886435418302,0
1035.998955775809,0.5002356171607971,0.3126581013202667,0.15640271827426666,0
1036.9989547678706,0.5003119707107544,0.3126581013202667,0.15642659083022536,0
1037.9989537599322,0.5000829696655273,0.3127342760562897,0.15639308548642816,0
1038.9989527519938,0.5000829696655273,0.3127342760562897,0.15639308548642816,0
1039.9989517440554,0.5001593232154846,0.3125819265842438,0.15634076484976767,0
1040.998950736117,0.5002356171607971,0.3125819265842438,0.15636461295818016,0
1041.9989497281786,0.5003119707107544,0.312810481,0.15650282800528004,0
1042.9989487202402,0.5000066161155701,0.3127342760562897,0.15636920711425795,0
1043.9989477123017,0.4999302923679352,0.3126581013202667,0.15630725600424444,0
1044.9989467043633,0.5001593232154846,0.312810481,0.15645507826892313,0
1045.998945696425,0.5003883242607117,0.3126581013202667,0.15645046338618407,0
1046.9989446884865,0.5003119707107544,0.3126581013202667,0.15642659083022536,0
1047.998943680548,0.5001593232154846,0.3127342760562897,0.15641696385859838,0
1048.9989426726097,0.5001593232154846,0.3127342760562897,0.15641696385859838,0
1049.9989416646713,0.5002356171607971,0.3125819265842438,0.15636461295818016,0
1050.9989406567329,0.5001593232154846,0.3126581013202667,0.15637886435418302,0
1051.9989396487945,0.5002356171607971,0.3126581013202667,0.15640271827426666,0
1052.998938640856,0.5000829696655273,0.3126581013202667,0.15635499179822432,0
1053.9989376329177,0.5002356171607971,0.3127342760562897,0.15644082359035316,0
1054.9989366249793,0.5001593232154846,0.312810481,0.15645507826892313,0
1055.9989356170408,0.5000066161155701,0.3127342760562897,0.15636920711425795,0
1056.9989346091024,0.5002356171607971,0.3126581013202667,0.15640271827426666,0
1057.998933601164,0.5000829696655273,0.312810481,0.1564311940782659,0
1058.9989325932256,0.5001593232154846,0.3126581013202667,0.15637886435418302,0
1059.9989315852872,0.5003119707107544,0.3125819265842438,0.15638847969792735,0
1060.9989305773488,0.4998539388179779,0.3127342760562897,0.15632145969012523,0
1061.9989295694104,0.5002356171607971,0.3127342760562897,0.15644082359035316,0
1062.998928561472,0.5003119707107544,0.312810481,0.15650282800528004,0
1063.9989275535336,0.5001593232154846,0.3127342760562897,0.15641696385859838,0
1064.9989265455952,0.5003119707107544,0.3127342760562897,0.15646470196252338,0
1065.9989255376568,0.5000829696655273,0.3125819265842438,0.15631689811002047,0
1066.9989245297184,0.5002356171607971,0.3126581013202667,0.15640271827426666,0
1067.998924,0.5003119707107544,0.3126581013202667,0.15642659083022536,0
1068.9989225138415,0.5000066161155701,0.3124295175075531,0.15621682582357188,0
1069.9989215059031,0.4998539388179779,0.3127342760562897,0.15632145969012523,0
1070.9989204979647,0.5001593232154846,0.31250572204589844,0.15630265043944291,0
1071.9989194900263,0.5000829696655273,0.3127342760562897,0.15639308548642816,0
1072.998918482088,0.5001593232154846,0.3126581013202667,0.15637886435418302,0
1073.9989174741495,0.5000829696655273,0.3127342760562897,0.15639308548642816,0
1074.998916466211,0.5003119707107544,0.3127342760562897,0.15646470196252338,0
1075.9989154582727,0.5002356171607971,0.312810481,0.1564789438146228,0
1076.9989144503343,0.5002356171607971,0.3127342760562897,0.15644082359035316,0
1077.9989134423959,0.5003119707107544,0.3126581013202667,0.15642659083022536,0
1078.9989124344575,0.5000066161155701,0.31288665533065796,0.15644539775960098,0
1079.998911426519,0.5001593232154846,0.312810481,0.15645507826892313,0
1080.9989104185806,0.5002356171607971,0.3125819265842438,0.15636461295818016,0
1081.9989094106422,0.5002356171607971,0.3127342760562897,0.15644082359035316,0
1082.9989084027038,0.5000066161155701,0.3126581013202667,0.15633111924226561,0
1083.9989073947654,0.5003119707107544,0.3126581013202667,0.15642659083022536,0
1084.998906386827,0.5002356171607971,0.3127342760562897,0.15644082359035316,0
1085.9989053788886,0.5000829696655273,0.3125819265842438,0.15631689811002047,0
1086.9989043709502,0.5003883242607117,0.312810481,0.15652671219593728,0
1087.9989033630118,0.5002356171607971,0.3126581013202667,0.15640271827426666,0
1088.9989023550734,0.5000829696655273,0.3126581013202667,0.15635499179822432,0
1089.998901347135,0.5002356171607971,0.3127342760562897,0.15644082359035316,0
1090.9989003391966,0.5002356171607971,0.3127342760562897,0.15644082359035316,0
1091.9988993312581,0.5001593232154846,0.31288665533065796,0.1564931777733385,0
1092.9988983233197,0.5001593232154846,0.3125819265842438,0.15634076484976767,0
1093.9988973153813,0.5002356171607971,0.3127342760562897,0.15644082359035316,0
1094.998896307443,0.5003119707107544,0.31250572204589844,0.1563503536551707,0
1095.9988952995045,0.5001593232154846,0.3125819265842438,0.15634076484976767,0
1096.998894291566,0.5003119707107544,0.3126581013202667,0.15642659083022536,0
1097.9988932836277,0.5003119707107544,0.3126581013202667,0.15642659083022536,0
1098.9988922756893,0.5003883242607117,0.312810481,0.15652671219593728,0
1099.9988912677509,0.5001593232154846,0.3127342760562897,0.15641696385859838,0
1100.9988902598125,0.5003883242607117,0.3126581013202667,0.15645046338618407,0
1101.998889251874,0.5001593232154846,0.3127342760562897,0.15641696385859838,0
1102.9988882439357,0.5002356171607971,0.3126581013202667,0.15640271827426666,0
1103.9988872359972,0.5004646182060242,0.312810481,0.15655057774163694,0
1104.9988862280588,0.5000829696655273,0.31250572204589844,0.15627878951818275,0
1105.9988852201204,0.5000829696655273,0.3127342760562897,0.15639308548642816,0
1106.998884212182,0.5001593232154846,0.3127342760562897,0.15641696385859838,0
1107.9988832042436,0.5001593232154846,0.3125819265842438,0.15634076484976767,0
1108.9988821963052,0.4999302923679352,0.3126581013202667,0.15630725600424444,0
1109.9988811883668,0.5000066161155701,0.3126581013202667,0.15633111924226561,0
1110.9988801804284,0.5003119707107544,0.3127342760562897,0.15646470196252338,0
1111.998879,0.5000066161155701,0.3126581013202667,0.15633111924226561,0
1112.9988781645516,0.5002356171607971,0.3125819265842438,0.15636461295818016,0
1113.9988771566132,0.5001593232154846,0.312810481,0.15645507826892313,0
1114.9988761486748,0.5004646182060242,0.31288665533065796,0.1565887005018176,0
1115.9988751407363,0.5002356171607971,0.3126581013202667,0.15640271827426666,0
1116.998874132798,0.5001593232154846,0.3125819265842438,0.15634076484976767,0
1117.9988731248595,0.5001593232154846,0.312810481,0.15645507826892313,0
1118.9988721169211,0.5002356171607971,0.3125819265842438,0.15636461295818016,0
1119.9988711089827,0.5003883242607117,0.3126581013202667,0.15645046338618407,0
1120.9988701010443,0.5002356171607971,0.3127342760562897,0.15644082359035316,0
1121.998869093106,0.5000829696655273,0.31250572204589844,0.15627878951818275,0
1122.9988680851675,0.5003119707107544,0.3125819265842438,0.15638847969792735,0
1123.998867077229,0.5000829696655273,0.3126581013202667,0.15635499179822432,0
1124.9988660692907,0.5003119707107544,0.3125819265842438,0.15638847969792735,0
1125.9988650613523,0.5002356171607971,0.3126581013202667,0.15640271827426666,0
1126.9988640534139,0.5000829696655273,0.3127342760562897,0.15639308548642816,0
1127.9988630454754,0.5000829696655273,0.3125819265842438,0.15631689811002047,0
1128.998862037537,0.4999302923679352,0.3125819265842438,0.15626917394619344,0
1129.9988610295986,0.5002356171607971,0.3126581013202667,0.15640271827426666,0
1130.9988600216602,0.5002356171607971,0.31250572204589844,0.15632649273391053,0
1131.9988590137218,0.5003119707107544,0.3126581013202667,0.15642659083022536,0
1132.9988580057834,0.5003883242607117,0.3126581013202667,0.15645046338618407,0
1133.998856997845,0.5003119707107544,0.3127342760562897,0.15646470196252338,0
1134.9988559899066,0.5000066161155701,0.3127342760562897,0.15636920711425795,0
1135.9988549819682,0.5003119707107544,0.3125819265842438,0.15638847969792735,0
1136.9988539740298,0.5002356171607971,0.31250572204589844,0.15632649273391053,0
1137.9988529660914,0.5001593232154846,0.3127342760562897,0.15641696385859838,0
1138.998851958153,0.5000829696655273,0.3125819265842438,0.15631689811002047,0
1139.9988509502145,0.5001593232154846,0.3125819265842438,0.15634076484976767,0
1140.9988499422761,0.5000829696655273,0.3126581013202667,0.15635499179822432,0
1141.9988489343377,0.5000066161155701,0.3126581013202667,0.15633111924226561,0
1142.9988479263993,0.5001593232154846,0.3124295175075531,0.15626453602911816,0
1143.998846918461,0.5000829696655273,0.3126581013202667,0.15635499179822432,0
1144.9988459105225,0.5002356171607971,0.3125819265842438,0.15636461295818016,0
1145.998844902584,0.5002356171607971,0.31250572204589844,0.15632649273391053,0
1146.9988438946457,0.5001593232154846,0.31250572204589844,0.15630265043944291,0
1147.9988428867073,0.5002356171607971,0.31250572204589844,0.15632649273391053,0
1148.9988418787689,0.5000829696655273,0.31250572204589844,0.15627878951818275,0
1149.9988408708305,0.5003883242607117,0.3125819265842438,0.15641234643767454,0
1150.998839862892,0.5001593232154846,0.3125819265842438,0.15634076484976767,0
1151.9988388549536,0.5001593232154846,0.3126581013202667,0.15637886435418302,0
1152.9988378470152,0.5000829696655273,0.3124295175075531,0.15624068092634502,0
1153.9988368390768,0.5001593232154846,0.3125819265842438,0.15634076484976767,0
1154.9988358311384,0.5000829696655273,0.31250572204589844,0.15627878951818275,0
1155.998835,0.5000066161155701,0.3126581013202667,0.15633111924226561,0
1156.9988338152616,0.5002356171607971,0.3125819265842438,0.15636461295818016,0
1157.9988328073232,0.5000829696655273,0.31235337257385254,0.15620260214177506,0
1158.9988317993848,0.5000066161155701,0.3125819265842438,0.15629303137027328,0
1159.9988307914464,0.5002356171607971,0.3126581013202667,0.15640271827426666,0
1160.998829783508,0.5000829696655273,0.3124295175075531,0.15624068092634502,0
1161.9988287755696,0.5003119707107544,0.31250572204589844,0.1563503536551707,0
1162.9988277676312,0.5002356171607971,0.31250572204589844,0.15632649273391053,0
1163.9988267596927,0.5000829696655273,0.31250572204589844,0.15627878951818275,0
1164.9988257517543,0.5000829696655273,0.3124295175075531,0.15624068092634502,0
1165.998824743816,0.5003883242607117,0.3124295175075531,0.15633608271518717,0
1166.9988237358775,0.5002356171607971,0.3126581013202667,0.15640271827426666,0
1167.9988227279391,0.5002356171607971,0.3124295175075531,0.1562883725096409,0
1168.9988217200007,0.5002356171607971,0.3124295175075531,0.1562883725096409,0
1169.9988207120623,0.5003119707107544,0.3124295175075531,0.15631222761241403,0
1170.998819704124,0.5002356171607971,0.3125819265842438,0.15636461295818016,0
1171.9988186961855,0.5000829696655273,0.31250572204589844,0.15627878951818275,0
1172.998817688247,0.5002356171607971,0.31250572204589844,0.15632649273391053,0
1173.9988166803087,0.5000066161155701,0.3124295175075531,0.15621682582357188,0
1174.9988156723703,0.5000829696655273,0.3125819265842438,0.15631689811002047,0
1175.9988146644318,0.4999302923679352,0.3124295175075531,0.15619298003192394,0
1176.9988136564934,0.4999302923679352,0.3125819265842438,0.15626917394619344,0
1177.998812648555,0.5002356171607971,0.31250572204589844,0.15632649273391053,0
1178.9988116406166,0.5002356171607971,0.31250572204589844,0.15632649273391053,0
1179.9988106326782,0.5002356171607971,0.3124295175075531,0.1562883725096409,0
1180.9988096247398,0.5002356171607971,0.3124295175075531,0.1562883725096409,0
1181.9988086168014,0.5000829696655273,0.31250572204589844,0.15627878951818275,0
1182.998807608863,0.5002356171607971,0.31250572204589844,0.15632649273391053,0
1183.9988066009246,0.5003883242607117,0.3124295175075531,0.15633608271518717,0
1184.9988055929862,0.5001593232154846,0.3125819265842438,0.15634076484976767,0
1185.9988045850478,0.5001593232154846,0.3122771680355072,0.15618833702028745,0
1186.9988035771094,0.5001593232154846,0.3124295175075531,0.15626453602911816,0
1187.998802569171,0.5001593232154846,0.3124295175075531,0.15626453602911816,0
1188.9988015612325,0.5000829696655273,0.31235337257385254,0.15620260214177506,0
1189.9988005532941,0.5000066161155701,0.3124295175075531,0.15621682582357188,0
1190.9987995453557,0.5002356171607971,0.3124295175075531,0.1562883725096409,0
1191.9987985374173,0.5001593232154846,0.3124295175075531,0.15626453602911816,0
1192.998797529479,0.5002356171607971,0.31235337257385254,0.15625028210173753,0
1193.9987965215405,0.5000829696655273,0.3122771680355072,0.15616449354993733,0
1194.998795513602,0.5001593232154846,0.3124295175075531,0.15626453602911816,0
1195.9987945056637,0.5001593232154846,0.31250572204589844,0.15630265043944291,0
1196.9987934977253,0.5003119707107544,0.3124295175075531,0.15631222761241403,0
1197.9987924897869,0.5001593232154846,0.31235337257385254,0.1562264514306122,0
1198.9987914818485,0.5002356171607971,0.3122771680355072,0.1562121618774679,0
1199.99879,0.4999302923679352,0.3122771680355072,0.15611681591582194,0
1200.9987894659716,0.5001593232154846,0.31250572204589844,0.15630265043944291,0
1201.9987884580332,0.5002356171607971,0.3122771680355072,0.1562121618774679,0
1202.9987874500948,0.5002356171607971,0.31235337257385254,0.15625028210173753,0
1203.9987864421564,0.5000829696655273,0.31235337257385254,0.15620260214177506,0
1204.998785434218,0.5000829696655273,0.3124295175075531,0.15624068092634502,0
1205.9987844262796,0.5002356171607971,0.3122771680355072,0.1562121618774679,0
1206.9987834183412,0.5002356171607971,0.3124295175075531,0.1562883725096409,0
1207.9987824104028,0.5000066161155701,0.31235337257385254,0.15617875285293792,0
1208.9987814024644,0.5000066161155701,0.3122771680355072,0.15614065007958722,0
1209.998780394526,0.5002356171607971,0.31235337257385254,0.15625028210173753,0
1210.9987793865876,0.5001593232154846,0.3122771680355072,0.15618833702028745,0
1211.9987783786491,0.5001593232154846,0.3122771680355072,0.15618833702028745,0
1212.9987773707107,0.5001593232154846,0.31250572204589844,0.15630265043944291,0
1213.9987763627723,0.5001593232154846,0.3122771680355072,0.15618833702028745,0
1214.998775354834,0.5002356171607971,0.3124295175075531,0.1562883725096409,0
1215.9987743468955,0.5000829696655273,0.3124295175075531,0.15624068092634502,0
1216.998773338957,0.5001593232154846,0.31250572204589844,0.15630265043944291,0
1217.9987723310187,0.5000066161155701,0.3122771680355072,0.15614065007958722,0
1218.9987713230803,0.5001593232154846,0.31235337257385254,0.1562264514306122,0
1219.9987703151419,0.5000829696655273,0.31220096349716187,0.1561263849580996,0
1220.9987693072035,0.5000066161155701,0.3122771680355072,0.15614065007958722,0
1221.998768299265,0.5003119707107544,0.3122771680355072,0.156236005,0
1222.9987672913267,0.5003119707107544,0.31220096349716187,0.15619787930506135,0
1223.9987662833882,0.5001593232154846,0.31235337257385254,0.1562264514306122,0
1224.9987652754498,0.5001593232154846,0.31235337257385254,0.1562264514306122,0
1225.9987642675114,0.5000829696655273,0.31220096349716187,0.1561263849580996,0
1226.998763259573,0.5000829696655273,0.31220096349716187,0.1561263849580996,0
1227.9987622516346,0.5002356171607971,0.3122771680355072,0.1562121618774679,0
1228.9987612436962,0.5001593232154846,0.31235337257385254,0.1562264514306122,0
1229.9987602357578,0.5000066161155701,0.3124295175075531,0.15621682582357188,0
1230.9987592278194,0.5001593232154846,0.3122771680355072,0.15618833702028745,0
1231.998758219881,0.5003119707107544,0.3122771680355072,0.156236005,0
1232.9987572119426,0.5000066161155701,0.3122771680355072,0.15614065007958722,0
1233.9987562040042,0.5000829696655273,0.3122771680355072,0.15616449354993733,0
1234.9987551960658,0.5002356171607971,0.3122771680355072,0.1562121618774679,0
1235.9987541881274,0.5000829696655273,0.31220096349716187,0.1561263849580996,0
1236.998753180189,0.5001593232154846,0.3122771680355072,0.15618833702028745,0
1237.9987521722505,0.5002356171607971,0.3124295175075531,0.1562883725096409,0
1238.9987511643121,0.5003883242607117,0.31235337257385254,0.1562979806794118,0
1239.9987501563737,0.5003119707107544,0.31220096349716187,0.15619787930506135,0
1240.9987491484353,0.5001593232154846,0.3122771680355072,0.15618833702028745,0
1241.998748140497,0.5002356171607971,0.31235337257385254,0.15625028210173753,0
1242.9987471325585,0.5002356171607971,0.3121248185634613,0.1561359512452949,0
1243.998746,0.5000829696655273,0.31235337257385254,0.15620260214177506,0
1244.9987451166817,0.5003883242607117,0.31235337257385254,0.1562979806794118,0
1245.9987441087433,0.5001593232154846,0.3122771680355072,0.15618833702028745,0
1246.9987431008049,0.5002356171607971,0.3121248185634613,0.1561359512452949,0
1247.9987420928665,0.5001593232154846,0.3124295175075531,0.15626453602911816,0
1248.998741084928,0.5000829696655273,0.3122771680355072,0.15616449354993733,0
1249.9987400769896,0.5000829696655273,0.31250572204589844,0.15627878951818275,0
1250.9987390690512,0.5001593232154846,0.3125819265842438,0.15634076484976767,0
1251.9987380611128,0.5004646182060242,0.3122771680355072,0.15628367367534857,0
1252.9987370531744,0.5000829696655273,0.31250572204589844,0.15627878951818275,0
1253.998736045236,0.5004646182060242,0.31235337257385254,0.15632181135053713,0
1254.9987350372976,0.5000066161155701,0.31250572204589844,0.15625492859692258,0
1255.9987340293592,0.5003883242607117,0.31235337257385254,0.1562979806794118,0
1256.9987330214208,0.5000829696655273,0.3122771680355072,0.15616449354993733,0
1257.9987320134824,0.5001593232154846,0.31235337257385254,0.1562264514306122,0
1258.998731005544,0.5001593232154846,0.31220096349716187,0.1561502226099627,0
1259.9987299976056,0.5001593232154846,0.31250572204589844,0.15630265043944291,0
1260.9987289896671,0.5003119707107544,0.3124295175075531,0.15631222761241403,0
1261.9987279817287,0.5001593232154846,0.31250572204589844,0.15630265043944291,0
1262.9987269737903,0.5000066161155701,0.3122771680355072,0.15614065007958722,0
1263.998725965852,0.5003119707107544,0.3122771680355072,0.156236005,0
1264.9987249579135,0.5002356171607971,0.31235337257385254,0.15625028210173753,0
1265.998723949975,0.5001593232154846,0.3124295175075531,0.15626453602911816,0
1266.9987229420367,0.5003119707107544,0.31235337257385254,0.15627413139057467,0
1267.9987219340983,0.5000829696655273,0.3121248185634613,0.15608830617352965,0
1268.9987209261599,0.5002356171607971,0.3122771680355072,0.1562121618774679,0
1269.9987199182215,0.5001593232154846,0.31220096349716187,0.1561502226099627,0
1270.998718910283,0.5002356171607971,0.3122771680355072,0.1562121618774679,0
1271.9987179023447,0.5000066161155701,0.3124295175075531,0.15621682582357188,0
1272.9987168944062,0.5001593232154846,0.3121248185634613,0.15611213801145674,0
1273.9987158864678,0.5003119707107544,0.3122771680355072,0.156236005,0
1274.9987148785294,0.5002356171607971,0.31235337257385254,0.15625028210173753,0
1275.998713870591,0.4999302923679352,0.3122771680355072,0.15611681591582194,0
1276.9987128626526,0.5003119707107544,0.3122771680355072,0.156236005,0
1277.9987118547142,0.5001593232154846,0.3121248185634613,0.15611213801145674,0
1278.9987108467758,0.5000829696655273,0.3124295175075531,0.15624068092634502,0
1279.9987098388374,0.5000066161155701,0.31235337257385254,0.15617875285293792,0
1280.998708830899,0.5001593232154846,0.31220096349716187,0.1561502226099627,0
1281.9987078229606,0.5003883242607117,0.3122771680355072,0.15625984881816812,0
1282.9987068150222,0.5001593232154846,0.3122771680355072,0.15618833702028745,0
1283.9987058070838,0.5001593232154846,0.31235337257385254,0.1562264514306122,0
1284.9987047991453,0.5001593232154846,0.3122771680355072,0.15618833702028745,0
1285.998703791207,0.5002356171607971,0.31235337257385254,0.15625028210173753,0
1286.9987027832685,0.5001593232154846,0.31220096349716187,0.1561502226099627,0
1287.9987017753301,0.5001593232154846,0.31235337257385254,0.1562264514306122,0
1288.9987007673917,0.5000066161155701,0.31235337257385254,0.15617875285293792,0
1289.9986997594533,0.5002356171607971,0.3122771680355072,0.1562121618774679,0
1290.998698751515,0.5003119707107544,0.3124295175075531,0.15631222761241403,0
1291.9986977435765,0.5002356171607971,0.3122771680355072,0.1562121618774679,0
1292.998696735638,0.5003119707107544,0.31220096349716187,0.15619787930506135,0
1293.9986957276997,0.5001593232154846,0.31220096349716187,0.1561502226099627,0
1294.9986947197613,0.5001593232154846,0.3122771680355072,0.15618833702028745,0
1295.9986937118229,0.5001593232154846,0.31235337257385254,0.1562264514306122,0
1296.9986927038844,0.5001593232154846,0.3121248185634613,0.15611213801145674,0
1297.998691695946,0.5000829696655273,0.3122771680355072,0.15616449354993733,0
1298.9986906880076,0.5002356171607971,0.3122771680355072,0.1562121618774679,0
1299.9986896800692,0.5003119707107544,0.31220096349716187,0.15619787930506135,0
1300.9986886721308,0.5000066161155701,0.31220096349716187,0.15610254730623652,0
1301.9986876641924,0.5001593232154846,0.3121248185634613,0.15611213801145674,0
1302.998686656254,0.5000829696655273,0.31235337257385254,0.15620260214177506,0
1303.9986856483156,0.5000829696655273,0.3121248185634613,0.15608830617352965,0
1304.9986846403772,0.5001593232154846,0.3124295175075531,0.15626453602911816,0
1305.9986836324388,0.5000829696655273,0.31235337257385254,0.15620260214177506,0
1306.9986826245004,0.5002356171607971,0.3122771680355072,0.1562121618774679,0
1307.998681616562,0.5003883242607117,0.31204861402511597,0.1561454830599054,0
1308.9986806086235,0.5003119707107544,0.3121248185634613,0.15615978308322198,0
1309.9986796006851,0.5002356171607971,0.31220096349716187,0.15617404165319826,0
1310.9986785927467,0.5001593232154846,0.3122771680355072,0.15618833702028745,0
1311.9986775848083,0.5000829696655273,0.3122771680355072,0.15616449354993733,0
1312.998677,0.5000829696655273,0.3124295175075531,0.15624068092634502,0
1313.9986755689315,0.5001593232154846,0.3122771680355072,0.15618833702028745,0
1314.998674560993,0.5002356171607971,0.3122771680355072,0.1562121618774679,0
1315.9986735530547,0.5002356171607971,0.31235337257385254,0.15625028210173753,0
1316.9986725451163,0.5000829696655273,0.3122771680355072,0.15616449354993733,0
1317.9986715371779,0.5000066161155701,0.3122771680355072,0.15614065007958722,0
1318.9986705292395,0.5002356171607971,0.31235337257385254,0.15625028210173753,0
1319.998669521301,0.5002356171607971,0.3122771680355072,0.1562121618774679,0
1320.9986685133626,0.5000829696655273,0.3122771680355072,0.15616449354993733,0
1321.9986675054242,0.5002356171607971,0.31235337257385254,0.15625028210173753,0
1322.9986664974858,0.5000829696655273,0.3122771680355072,0.15616449354993733,0
1323.9986654895474,0.5001593232154846,0.3124295175075531,0.15626453602911816,0
1324.998664481609,0.5003883242607117,0.3121248185634613,0.15618361492114907,0
1325.9986634736706,0.5002356171607971,0.3125819265842438,0.15636461295818016,0
1326.9986624657322,0.5000066161155701,0.3122771680355072,0.15614065007958722,0
1327.9986614577938,0.5000829696655273,0.31220096349716187,0.1561263849580996,0
1328.9986604498554,0.5001593232154846,0.31220096349716187,0.1561502226099627,0
1329.998659441917,0.5001593232154846,0.3122771680355072,0.15618833702028745,0
1330.9986584339786,0.5001593232154846,0.3122771680355072,0.15618833702028745,0
1331.9986574260402,0.5000829696655273,0.3122771680355072,0.15616449354993733,0
1332.9986564181017,0.5000829696655273,0.3121248185634613,0.15608830617352965,0
1333.9986554101633,0.5002356171607971,0.3124295175075531,0.1562883725096409,0
1334.998654402225,0.5000829696655273,0.3122771680355072,0.15616449354993733,0
1335.9986533942865,0.5000829696655273,0.3122771680355072,0.15616449354993733,0
1336.998652386348,0.5002356171607971,0.31235337257385254,0.15625028210173753,0
1337.9986513784097,0.5003883242607117,0.3121248185634613,0.15618361492114907,0
1338.9986503704713,0.5003119707107544,0.31250572204589844,0.1563503536551707,0
1339.998649362533,0.4999302923679352,0.31235337257385254,0.15615491287295669,0
1340.9986483545945,0.5003119707107544,0.31220096349716187,0.15619787930506135,0
1341.998647346656,0.5003883242607117,0.31235337257385254,0.1562979806794118,0
1342.9986463387177,0.5001593232154846,0.3124295175075531,0.15626453602911816,0
1343.9986453307793,0.5002356171607971,0.3122771680355072,0.1562121618774679,0
1344.9986443228408,0.5000066161155701,0.31204861402511597,0.15602637156225185,0
1345.9986433149024,0.5002356171607971,0.3122771680355072,0.1562121618774679,0
1346.998642306964,0.5002356171607971,0.31235337257385254,0.15625028210173753,0
1347.9986412990256,0.5002356171607971,0.3122771680355072,0.1562121618774679,0
1348.9986402910872,0.5000829696655273,0.3121248185634613,0.15608830617352965,0
1349.9986392831488,0.5000829696655273,0.3122771680355072,0.15616449354993733,0
1350.9986382752104,0.5002356171607971,0.3122771680355072,0.1562121618774679,0
1351.998637267272,0.5000066161155701,0.3121248185634613,0.15606447433560255,0
1352.9986362593336,0.5002356171607971,0.31235337257385254,0.15625028210173753,0
1353.9986352513952,0.5003883242607117,0.3122771680355072,0.15625984881816812,0
1354.9986342434568,0.5001593232154846,0.3122771680355072,0.15618833702028745,0
1355.9986332355184,0.5000066161155701,0.3121248185634613,0.15606447433560255,0
1356.998632,0.5003883242607117,0.3122771680355072,0.15625984881816812,0
1357.9986312196415,0.5001593232154846,0.3122771680355072,0.15618833702028745,0
1358.9986302117031,0.5001593232154846,0.31220096349716187,0.1561502226099627,0
1359.9986292037647,0.5001593232154846,0.31235337257385254,0.1562264514306122,0
1360.9986281958263,0.5003119707107544,0.3124295175075531,0.15631222761241403,0
1361.998627187888,0.5003119707107544,0.3125819265842438,0.15638847969792735,0
1362.9986261799495,0.5002356171607971,0.31220096349716187,0.15617404165319826,0
1363.998625172011,0.5003883242607117,0.3124295175075531,0.15633608271518717,0
1364.9986241640727,0.5002356171607971,0.31220096349716187,0.15617404165319826,0
1365.9986231561343,0.5000066161155701,0.31220096349716187,0.15610254730623652,0
1366.9986221481959,0.5002356171607971,0.3122771680355072,0.1562121618774679,0
1367.9986211402575,0.5000829696655273,0.31235337257385254,0.15620260214177506,0
1368.998620132319,0.5003119707107544,0.3122771680355072,0.156236005,0
1369.9986191243806,0.5000829696655273,0.31204861402511597,0.15605019758169192,0
1370.9986181164422,0.5002356171607971,0.31220096349716187,0.15617404165319826,0
1371.9986171085038,0.5003119707107544,0.31235337257385254,0.15627413139057467,0
1372.9986161005654,0.5001593232154846,0.3122771680355072,0.15618833702028745,0
1373.998615092627,0.5000066161155701,0.3124295175075531,0.15621682582357188,0
1374.9986140846886,0.5000066161155701,0.31235337257385254,0.15617875285293792,0
1375.9986130767502,0.5001593232154846,0.31220096349716187,0.1561502226099627,0
1376.9986120688118,0.5004646182060242,0.31235337257385254,0.15632181135053713,0
1377.9986110608734,0.5000066161155701,0.3124295175075531,0.15621682582357188,0
1378.998610052935,0.5001593232154846,0.31235337257385254,0.1562264514306122,0
1379.9986090449966,0.5000066161155701,0.31235337257385254,0.15617875285293792,0
1380.9986080370581,0.5001593232154846,0.3125819265842438,0.15634076484976767,0
1381.9986070291197,0.5000829696655273,0.31235337257385254,0.15620260214177506,0
1382.9986060211813,0.5002356171607971,0.31204861402511597,0.15609783102102526,0
1383.998605013243,0.5001593232154846,0.3122771680355072,0.15618833702028745,0
1384.9986040053045,0.5002356171607971,0.3122771680355072,0.1562121618774679,0
1385.998602997366,0.5000829696655273,0.3121248185634613,0.15608830617352965,0
1386.9986019894277,0.5001593232154846,0.31235337257385254,0.1562264514306122,0
1387.9986009814893,0.5003883242607117,0.3124295175075531,0.15633608271518717,0
1388.9985999735509,0.5001593232154846,0.31235337257385254,0.1562264514306122,0
1389.9985989656125,0.5000829696655273,0.3122771680355072,0.15616449354993733,0
1390.998597957674,0.5001593232154846,0.3124295175075531,0.15626453602911816,0
1391.9985969497357,0.5001593232154846,0.31235337257385254,0.1562264514306122,0
1392.9985959417972,0.5003119707107544,0.31235337257385254,0.15627413139057467,0
1393.9985949338588,0.5003883242607117,0.31235337257385254,0.1562979806794118,0
1394.9985939259204,0.5000829696655273,0.3125819265842438,0.15631689811002047,0
1395.998592917982,0.4999302923679352,0.3122771680355072,0.15611681591582194,0
1396.9985919100436,0.5001593232154846,0.3122771680355072,0.15618833702028745,0
1397.9985909021052,0.5001593232154846,0.31235337257385254,0.1562264514306122,0
1398.9985898941668,0.5001593232154846,0.3124295175075531,0.15626453602911816,0
1399.9985888862284,0.5001593232154846,0.31220096349716187,0.1561502226099627,0
1400.998588,0.5002356171607971,0.3124295175075531,0.1562883725096409,0
1401.9985868703516,0.5001593232154846,0.3124295175075531,0.15626453602911816,0
1402.9985858624132,0.5000066161155701,0.3122771680355072,0.15614065007958722,0
1403.9985848544748,0.5000829696655273,0.31235337257385254,0.15620260214177506,0
1404.9985838465363,0.5002356171607971,0.3122771680355072,0.1562121618774679,0
1405.998582838598,0.5000066161155701,0.3124295175075531,0.15621682582357188,0
1406.9985818306595,0.5000829696655273,0.3124295175075531,0.15624068092634502,0
1407.9985808227211,0.5000829696655273,0.3124295175075531,0.15624068092634502,0
1408.9985798147827,0.5001593232154846,0.31235337257385254,0.1562264514306122,0
1409.9985788068443,0.5001593232154846,0.31235337257385254,0.1562264514306122,0
1410.998577798906,0.5002356171607971,0.3122771680355072,0.1562121618774679,0
1411.9985767909675,0.5002356171607971,0.3124295175075531,0.1562883725096409,0
1412.998575783029,0.5000829696655273,0.31235337257385254,0.15620260214177506,0
1413.9985747750907,0.5001593232154846,0.31235337257385254,0.1562264514306122,0
1414.9985737671523,0.5000829696655273,0.3124295175075531,0.15624068092634502,0
1415.9985727592139,0.5003883242607117,0.31235337257385254,0.1562979806794118,0
1416.9985717512754,0.5000829696655273,0.31250572204589844,0.15627878951818275,0
1417.998570743337,0.5003119707107544,0.3125819265842438,0.15638847969792735,0
1418.9985697353986,0.5000829696655273,0.3122771680355072,0.15616449354993733,0
1419.9985687274602,0.5003119707107544,0.31250572204589844,0.1563503536551707,0
1420.9985677195218,0.5000829696655273,0.3124295175075531,0.15624068092634502,0
1421.9985667115834,0.5002356171607971,0.31235337257385254,0.15625028210173753,0
1422.998565703645,0.5001593232154846,0.3124295175075531,0.15626453602911816,0
1423.9985646957066,0.5003883242607117,0.31235337257385254,0.1562979806794118,0
1424.9985636877682,0.5000066161155701,0.3122771680355072,0.15614065007958722,0
1425.9985626798298,0.5003883242607117,0.3124295175075531,0.15633608271518717,0
1426.9985616718914,0.5000829696655273,0.3124295175075531,0.15624068092634502,0
1427.998560663953,0.5001593232154846,0.3124295175075531,0.15626453602911816,0
1428.9985596560145,0.5001593232154846,0.3124295175075531,0.15626453602911816,0
1429.9985586480761,0.5001593232154846,0.3126581013202667,0.15637886435418302,0
1430.9985576401377,0.5003119707107544,0.31235337257385254,0.15627413139057467,0
1431.9985566321993,0.5002356171607971,0.3122771680355072,0.1562121618774679,0
1432.998555624261,0.5001593232154846,0.3124295175075531,0.15626453602911816,0
1433.9985546163225,0.5002356171607971,0.31250572204589844,0.15632649273391053,0
1434.998553608384,0.5000829696655273,0.31250572204589844,0.15627878951818275,0
1435.9985526004457,0.5001593232154846,0.3124295175075531,0.15626453602911816,0
1436.9985515925073,0.5000066161155701,0.3122771680355072,0.15614065007958722,0
1437.9985505845689,0.5002356171607971,0.31250572204589844,0.15632649273391053,0
1438.9985495766305,0.5001593232154846,0.31235337257385254,0.1562264514306122,0
1439.998548568692,0.5002356171607971,0.3124295175075531,0.1562883725096409,0
1440.9985475607537,0.5002356171607971,0.31220096349716187,0.15617404165319826,0
1441.9985465528152,0.5000829696655273,0.31250572204589844,0.15627878951818275,0
1442.9985455448768,0.5003119707107544,0.31235337257385254,0.15627413139057467,0
1443.9985445369384,0.5002356171607971,0.3124295175075531,0.1562883725096409,0
1444.998544,0.5002356171607971,0.3124295175075531,0.1562883725096409,0
1445.9985425210616,0.5001593232154846,0.31250572204589844,0.15630265043944291,0
1446.9985415131232,0.5001593232154846,0.3122771680355072,0.15618833702028745,0
1447.9985405051848,0.5000829696655273,0.3127342760562897,0.15639308548642816,0
1448.9985394972464,0.5000829696655273,0.3122771680355072,0.15616449354993733,0
1449.998538489308,0.5003119707107544,0.31250572204589844,0.1563503536551707,0
1450.9985374813696,0.5003119707107544,0.3125819265842438,0.15638847969792735,0
1451.9985364734312,0.5001593232154846,0.31235337257385254,0.1562264514306122,0
1452.9985354654928,0.5001593232154846,0.3124295175075531,0.15626453602911816,0
1453.9985344575543,0.5000829696655273,0.31250572204589844,0.15627878951818275,0
1454.998533449616,0.5002356171607971,0.3125819265842438,0.15636461295818016,0
1455.9985324416775,0.5003119707107544,0.31235337257385254,0.15627413139057467,0
1456.9985314337391,0.5000066161155701,0.3122771680355072,0.15614065007958722,0
1457.9985304258007,0.5002356171607971,0.3124295175075531,0.1562883725096409,0
1458.9985294178623,0.5001593232154846,0.3122771680355072,0.15618833702028745,0
1459.998528409924,0.5000829696655273,0.3124295175075531,0.15624068092634502,0
1460.9985274019855,0.5001593232154846,0.31235337257385254,0.1562264514306122,0
1461.998526394047,0.5001593232154846,0.31235337257385254,0.1562264514306122,0
1462.9985253861087,0.5001593232154846,0.3122771680355072,0.15618833702028745,0
1463.9985243781703,0.5003119707107544,0.3124295175075531,0.15631222761241403,0
1464.9985233702319,0.5000066161155701,0.31220096349716187,0.15610254730623652,0
1465.9985223622934,0.5000829696655273,0.31235337257385254,0.15620260214177506,0
1466.998521354355,0.5001593232154846,0.3125819265842438,0.15634076484976767,0
1467.9985203464166,0.5001593232154846,0.3125819265842438,0.15634076484976767,0
1468.9985193384782,0.5002356171607971,0.3122771680355072,0.1562121618774679,0
1469.9985183305398,0.5000829696655273,0.31235337257385254,0.15620260214177506,0
1470.9985173226014,0.5000066161155701,0.31250572204589844,0.15625492859692258,0
1471.998516314663,0.5001593232154846,0.31250572204589844,0.15630265043944291,0
1472.9985153067246,0.5002356171607971,0.31235337257385254,0.15625028210173753,0
1473.9985142987862,0.5002356171607971,0.3122771680355072,0.1562121618774679,0
1474.9985132908478,0.5000829696655273,0.3124295175075531,0.15624068092634502,0
1475.9985122829094,0.5003883242607117,0.3124295175075531,0.15633608271518717,0
1476.998511274971,0.5002356171607971,0.31250572204589844,0.15632649273391053,0
1477.9985102670325,0.5002356171607971,0.31250572204589844,0.15632649273391053,0
1478.9985092590941,0.4999302923679352,0.3124295175075531,0.15619298003192394,0
1479.9985082511557,0.5002356171607971,0.3124295175075531,0.1562883725096409,0
1480.9985072432173,0.5000066161155701,0.3124295175075531,0.15621682582357188,0
1481.998506235279,0.5000066161155701,0.3124295175075531,0.15621682582357188,0
1482.9985052273405,0.5000066161155701,0.31250572204589844,0.15625492859692258,0
1483.998504219402,0.5002356171607971,0.31235337257385254,0.15625028210173753,0
1484.9985032114637,0.5003883242607117,0.3125819265842438,0.15641234643767454,0
1485.9985022035253,0.5000066161155701,0.31250572204589844,0.15625492859692258,0
1486.9985011955869,0.5000829696655273,0.3124295175075531,0.15624068092634502,0
1487.9985001876485,0.5002356171607971,0.3122771680355072,0.1562121618774679,0
1488.998499,0.5001593232154846,0.3125819265842438,0.15634076484976767,0
1489.9984981717716,0.5001593232154846,0.3122771680355072,0.15618833702028745,0
1490.9984971638332,0.4998539388179779,0.31250572204589844,0.15620721606779853,0
1491.9984961558948,0.5002356171607971,0.3125819265842438,0.15636461295818016,0
1492.9984951479564,0.5000066161155701,0.3125819265842438,0.15629303137027328,0
1493.998494140018,0.5000066161155701,0.31235337257385254,0.15617875285293792,0
1494.9984931320796,0.5001593232154846,0.31235337257385254,0.1562264514306122,0
1495.9984921241412,0.5002356171607971,0.3124295175075531,0.1562883725096409,0
1496.9984911162028,0.5001593232154846,0.3124295175075531,0.15626453602911816,0
1497.9984901082644,0.5001593232154846,0.3124295175075531,0.15626453602911816,0
1498.998489100326,0.5000829696655273,0.3126581013202667,0.15635499179822432,0
1499.9984880923876,0.5003119707107544,0.3124295175075531,0.15631222761241403,0
1500.9984870844492,0.5001593232154846,0.3122771680355072,0.15618833702028745,0
1501.9984860765107,0.5000829696655273,0.31235337257385254,0.15620260214177506,0
1502.9984850685723,0.5002356171607971,0.3125819265842438,0.15636461295818016,0
1503.998484060634,0.5003119707107544,0.31235337257385254,0.15627413139057467,0
1504.9984830526955,0.5002356171607971,0.31220096349716187,0.15617404165319826,0
1505.998482044757,0.5000066161155701,0.31235337257385254,0.15617875285293792,0
1506.9984810368187,0.5000829696655273,0.31235337257385254,0.15620260214177506,0
1507.9984800288803,0.5002356171607971,0.3122771680355072,0.1562121618774679,0
1508.9984790209419,0.5002356171607971,0.3124295175075531,0.1562883725096409,0
1509.9984780130035,0.5000829696655273,0.3124295175075531,0.15624068092634502,0
1510.998477005065,0.5001593232154846,0.31235337257385254,0.1562264514306122,0
1511.9984759971267,0.5000066161155701,0.3122771680355072,0.15614065007958722,0
1512.9984749891883,0.5001593232154846,0.3122771680355072,0.15618833702028745,0
1513.9984739812498,0.5001593232154846,0.3125819265842438,0.15634076484976767,0
1514.9984729733114,0.5001593232154846,0.3124295175075531,0.15626453602911816,0
1515.998471965373,0.5000829696655273,0.3122771680355072,0.15616449354993733,0
1516.9984709574346,0.5000829696655273,0.31250572204589844,0.15627878951818275,0
1517.9984699494962,0.5001593232154846,0.3122771680355072,0.15618833702028745,0
1518.9984689415578,0.5002356171607971,0.31220096349716187,0.15617404165319826,0
1519.9984679336194,0.5003119707107544,0.3122771680355072,0.156236005,0
1520.998466925681,0.5002356171607971,0.3124295175075531,0.1562883725096409,0
1521.9984659177426,0.5000829696655273,0.3121248185634613,0.15608830617352965,0
1522.9984649098042,0.4998539388179779,0.3122771680355072,0.15609297244547182,0
1523.9984639018658,0.5000829696655273,0.31235337257385254,0.15620260214177506,0
1524.9984628939274,0.5001593232154846,0.3124295175075531,0.15626453602911816,0
1525.998461885989,0.5001593232154846,0.31220096349716187,0.1561502226099627,0
1526.9984608780505,0.5000829696655273,0.31220096349716187,0.1561263849580996,0
1527.9984598701121,0.5000066161155701,0.31250572204589844,0.15625492859692258,0
1528.9984588621737,0.5000066161155701,0.31235337257385254,0.15617875285293792,0
1529.9984578542353,0.5001593232154846,0.31235337257385254,0.1562264514306122,0
1530.998456846297,0.5001593232154846,0.31235337257385254,0.1562264514306122,0
1531.9984558383585,0.5000066161155701,0.31250572204589844,0.15625492859692258,0
1532.998455,0.5003883242607117,0.31250572204589844,0.15637421457643086,0
1533.9984538224817,0.5000066161155701,0.3122771680355072,0.15614065007958722,0
1534.9984528145433,0.5000829696655273,0.3124295175075531,0.15624068092634502,0
1535.9984518066049,0.5001593232154846,0.31220096349716187,0.1561502226099627,0
1536.9984507986665,0.5001593232154846,0.31220096349716187,0.1561502226099627,0
1537.998449790728,0.5003119707107544,0.31220096349716187,0.15619787930506135,0
1538.9984487827896,0.4999302923679352,0.3122771680355072,0.15611681591582194,0
1539.9984477748512,0.5001593232154846,0.3122771680355072,0.15618833702028745,0
1540.9984467669128,0.5001593232154846,0.3122771680355072,0.15618833702028745,0
1541.9984457589744,0.5001593232154846,0.3126581013202667,0.15637886435418302,0
1542.998444751036,0.5000066161155701,0.3124295175075531,0.15621682582357188,0
1543.9984437430976,0.5003119707107544,0.3122771680355072,0.156236005,0
1544.9984427351592,0.5000829696655273,0.3122771680355072,0.15616449354993733,0
1545.9984417272208,0.5002356171607971,0.3125819265842438,0.15636461295818016,0
1546.9984407192824,0.5000829696655273,0.3125819265842438,0.15631689811002047,0
1547.998439711344,0.5002356171607971,0.3124295175075531,0.1562883725096409,0
1548.9984387034056,0.5002356171607971,0.3121248185634613,0.1561359512452949,0
1549.9984376954671,0.5001593232154846,0.31235337257385254,0.1562264514306122,0
1550.9984366875287,0.5001593232154846,0.3125819265842438,0.15634076484976767,0
1551.9984356795903,0.5002356171607971,0.3124295175075531,0.1562883725096409,0
1552.998434671652,0.5002356171607971,0.3124295175075531,0.1562883725096409,0
1553.9984336637135,0.5000829696655273,0.3121248185634613,0.15608830617352965,0
1554.998432655775,0.5002356171607971,0.3124295175075531,0.1562883725096409,0
1555.9984316478367,0.5001593232154846,0.31235337257385254,0.1562264514306122,0
1556.9984306398983,0.5002356171607971,0.3124295175075531,0.1562883725096409,0
1557.9984296319599,0.5000066161155701,0.3124295175075531,0.15621682582357188,0
1558.9984286240215,0.5001593232154846,0.31250572204589844,0.15630265043944291,0
1559.998427616083,0.5002356171607971,0.31235337257385254,0.15625028210173753,0
1560.9984266081447,0.5001593232154846,0.31250572204589844,0.15630265043944291,0
1561.9984256002062,0.5001593232154846,0.31235337257385254,0.1562264514306122,0
1562.9984245922678,0.4998539388179779,0.3122771680355072,0.15609297244547182,0
1563.9984235843294,0.5003883242607117,0.31250572204589844,0.15637421457643086,0
1564.998422576391,0.5001593232154846,0.31235337257385254,0.1562264514306122,0
1565.9984215684526,0.5001593232154846,0.3122771680355072,0.15618833702028745,0
1566.9984205605142,0.5000829696655273,0.3124295175075531,0.15624068092634502,0
1567.9984195525758,0.5002356171607971,0.31235337257385254,0.15625028210173753,0
1568.9984185446374,0.5001593232154846,0.3124295175075531,0.15626453602911816,0
1569.998417536699,0.5002356171607971,0.3122771680355072,0.1562121618774679,0
1570.9984165287606,0.5001593232154846,0.31235337257385254,0.1562264514306122,0
1571.9984155208222,0.5000829696655273,0.3121248185634613,0.15608830617352965,0
1572.9984145128838,0.5000829696655273,0.3122771680355072,0.15616449354993733,0
1573.9984135049453,0.5002356171607971,0.3121248185634613,0.1561359512452949,0
1574.998412497007,0.5000829696655273,0.3124295175075531,0.15624068092634502,0
1575.9984114890685,0.5000066161155701,0.3122771680355072,0.15614065007958722,0
1576.9984104811301,0.5001593232154846,0.3122771680355072,0.15618833702028745,0
1577.9984094731917,0.5000066161155701,0.31235337257385254,0.15617875285293792,0
1578.9984084652533,0.5000066161155701,0.3125819265842438,0.15629303137027328,0
1579.998407457315,0.5001593232154846,0.3122771680355072,0.15618833702028745,0
1580.9984064493765,0.5000829696655273,0.3124295175075531,0.15624068092634502,0
1581.998405441438,0.5000066161155701,0.3122771680355072,0.15614065007958722,0
1582.9984044334997,0.5002356171607971,0.3122771680355072,0.1562121618774679,0
1583.9984034255613,0.5002356171607971,0.31235337257385254,0.15625028210173753,0
1584.9984024176229,0.4999302923679352,0.31235337257385254,0.15615491287295669,0
1585.9984014096844,0.5000829696655273,0.31220096349716187,0.1561263849580996,0
1586.998400401746,0.5001593232154846,0.3122771680355072,0.15618833702028745,0
1587.9983993938076,0.5000066161155701,0.3121248185634613,0.15606447433560255,0
1588.9983983858692,0.5003119707107544,0.3124295175075531,0.15631222761241403,0
1589.9983973779308,0.5000066161155701,0.3121248185634613,0.15606447433560255,0
1590.9983963699924,0.5002356171607971,0.3122771680355072,0.1562121618774679,0
1591.998395362054,0.5001593232154846,0.31235337257385254,0.1562264514306122,0
1592.9983943541156,0.5000829696655273,0.3121248185634613,0.15608830617352965,0
1593.9983933461772,0.5000829696655273,0.31220096349716187,0.1561263849580996,0
1594.9983923382388,0.5000829696655273,0.31220096349716187,0.1561263849580996,0
1595.9983913303004,0.5000066161155701,0.3124295175075531,0.15621682582357188,0
1596.998390322362,0.5001593232154846,0.3125819265842438,0.15634076484976767,0
1597.9983893144235,0.5000829696655273,0.3121248185634613,0.15608830617352965,0
1598.9983883064851,0.5000829696655273,0.3124295175075531,0.15624068092634502,0
1599.9983872985467,0.5003119707107544,0.31220096349716187,0.15619787930506135,0
1600.9983862906083,0.5000066161155701,0.31235337257385254,0.15617875285293792,0
1601.998385,0.5002356171607971,0.3124295175075531,0.1562883725096409,0
1602.9983842747315,0.5000829696655273,0.31235337257385254,0.15620260214177506,0
1603.998383266793,0.5000829696655273,0.31235337257385254,0.15620260214177506,0
1604.9983822588547,0.5004646182060242,0.31235337257385254,0.15632181135053713,0
1605.9983812509163,0.5000829696655273,0.31220096349716187,0.1561263849580996,0
1606.9983802429779,0.5003119707107544,0.3122771680355072,0.156236005,0
1607.9983792350395,0.5000829696655273,0.3124295175075531,0.15624068092634502,0
1608.998378227101,0.5000066161155701,0.3122771680355072,0.15614065007958722,0
1609.9983772191626,0.5000829696655273,0.3122771680355072,0.15616449354993733,0
1610.9983762112242,0.5001593232154846,0.3124295175075531,0.15626453602911816,0
1611.9983752032858,0.5000829696655273,0.31220096349716187,0.1561263849580996,0
1612.9983741953474,0.5000829696655273,0.3122771680355072,0.15616449354993733,0
1613.998373187409,0.5001593232154846,0.3122771680355072,0.15618833702028745,0
1614.9983721794706,0.4998539388179779,0.3124295175075531,0.1561691249291508,0
1615.9983711715322,0.5003883242607117,0.31220096349716187,0.15622171695692444,0
1616.9983701635938,0.5000066161155701,0.3122771680355072,0.15614065007958722,0
1617.9983691556554,0.5000829696655273,0.31220096349716187,0.1561263849580996,0
1618.998368147717,0.5003883242607117,0.31220096349716187,0.15622171695692444,0
1619.9983671397786,0.5002356171607971,0.31220096349716187,0.15617404165319826,0
1620.9983661318402,0.5001593232154846,0.3122771680355072,0.15618833702028745,0
1621.9983651239017,0.5001593232154846,0.3125819265842438,0.15634076484976767,0
1622.9983641159633,0.5004646182060242,0.31204861402511597,0.15616929047979866,0
1623.998363108025,0.5000829696655273,0.3122771680355072,0.15616449354993733,0
1624.9983621000865,0.4999302923679352,0.3121248185634613,0.15604065179971993,0
1625.9983610921481,0.5000066161155701,0.3122771680355072,0.15614065007958722,0
1626.9983600842097,0.5000066161155701,0.3122771680355072,0.15614065007958722,0
1627.9983590762713,0.5002356171607971,0.3122771680355072,0.1562121618774679,0
1628.998358068333,0.5002356171607971,0.3122771680355072,0.1562121618774679,0
1629.9983570603945,0.5001593232154846,0.3122771680355072,0.15618833702028745,0
1630.998356052456,0.5003883242607117,0.31220096349716187,0.15622171695692444,0
1631.9983550445177,0.5001593232154846,0.31220096349716187,0.1561502226099627,0
1632.9983540365793,0.5000066161155701,0.3122771680355072,0.15614065007958722,0
1633.9983530286408,0.5003883242607117,0.3124295175075531,0.15633608271518717,0
1634.9983520207024,0.5001593232154846,0.31204861402511597,0.15607402360113198,0
1635.998351012764,0.5000066161155701,0.31250572204589844,0.15625492859692258,0
1636.9983500048256,0.5001593232154846,0.3124295175075531,0.15626453602911816,0
1637.9983489968872,0.5001593232154846,0.31235337257385254,0.1562264514306122,0
1638.9983479889488,0.5003883242607117,0.31235337257385254,0.1562979806794118,0
1639.9983469810104,0.5001593232154846,0.3124295175075531,0.15626453602911816,0
1640.998345973072,0.5003119707107544,0.3122771680355072,0.156236005,0
1641.9983449651336,0.5000829696655273,0.3122771680355072,0.15616449354993733,0
1642.9983439571952,0.5002356171607971,0.31250572204589844,0.15632649273391053,0
1643.9983429492568,0.5002356171607971,0.3122771680355072,0.1562121618774679,0
1644.9983419413184,0.5000829696655273,0.3122771680355072,0.15616449354993733,0
1645.998341,0.5002356171607971,0.31235337257385254,0.15625028210173753,0
1646.9983399254415,0.5000829696655273,0.31235337257385254,0.15620260214177506,0
1647.9983389175031,0.5000066161155701,0.3121248185634613,0.15606447433560255,0
1648.9983379095647,0.5001593232154846,0.3122771680355072,0.15618833702028745,0
1649.9983369016263,0.5002356171607971,0.3122771680355072,0.1562121618774679,0
1650.998335893688,0.5000066161155701,0.31235337257385254,0.15617875285293792,0
1651.9983348857495,0.4999302923679352,0.3122771680355072,0.15611681591582194,0
1652.998333877811,0.5003119707107544,0.31250572204589844,0.1563503536551707,0
1653.9983328698727,0.5001593232154846,0.3122771680355072,0.15618833702028745,0
1654.9983318619343,0.5001593232154846,0.3124295175075531,0.15626453602911816,0
1655.9983308539959,0.5002356171607971,0.31235337257385254,0.15625028210173753,0
1656.9983298460575,0.5002356171607971,0.3124295175075531,0.1562883725096409,0
1657.998328838119,0.5001593232154846,0.31235337257385254,0.1562264514306122,0
1658.9983278301806,0.5000829696655273,0.31235337257385254,0.15620260214177506,0
1659.9983268222422,0.5001593232154846,0.3122771680355072,0.15618833702028745,0
1660.9983258143038,0.5001593232154846,0.3122771680355072,0.15618833702028745,0
1661.9983248063654,0.5006173253059387,0.3122771680355072,0.1563313606160488,0
1662.998323798427,0.5003883242607117,0.3122771680355072,0.15625984881816812,0
1663.9983227904886,0.5000066161155701,0.31235337257385254,0.15617875285293792,0
1664.9983217825502,0.5002356171607971,0.31235337257385254,0.15625028210173753,0
1665.9983207746118,0.5000066161155701,0.3122771680355072,0.15614065007958722,0
1666.9983197666734,0.5003119707107544,0.3124295175075531,0.15631222761241403,0
1667.998318758735,0.5001593232154846,0.31235337257385254,0.1562264514306122,0
1668.9983177507966,0.5001593232154846,0.31235337257385254,0.1562264514306122,0
1669.9983167428582,0.5001593232154846,0.3122771680355072,0.15618833702028745,0
1670.9983157349197,0.5001593232154846,0.3124295175075531,0.15626453602911816,0
1671.9983147269813,0.5001593232154846,0.31250572204589844,0.15630265043944291,0
1672.998313719043,0.5002356171607971,0.3124295175075531,0.1562883725096409,0
1673.9983127111045,0.5002356171607971,0.3122771680355072,0.1562121618774679,0
1674.998311703166,0.5000829696655273,0.3122771680355072,0.15616449354993733,0
1675.9983106952277,0.5002356171607971,0.3121248185634613,0.1561359512452949,0
1676.9983096872893,0.5003119707107544,0.3125819265842438,0.15638847969792735,0
1677.9983086793509,0.5000829696655273,0.3121248185634613,0.15608830617352965,0
1678.9983076714125,0.5001593232154846,0.31235337257385254,0.1562264514306122,0
1679.998306663474,0.5000829696655273,0.31235337257385254,0.15620260214177506,0
1680.9983056555357,0.5002356171607971,0.31235337257385254,0.15625028210173753,0
1681.9983046475973,0.5000066161155701,0.31204861402511597,0.15602637156225185,0
1682.9983036396588,0.5001593232154846,0.31220096349716187,0.1561502226099627,0
1683.9983026317204,0.5003119707107544,0.31220096349716187,0.15619787930506135,0
1684.998301623782,0.5000829696655273,0.3122771680355072,0.15616449354993733,0
1685.9983006158436,0.5000066161155701,0.3122771680355072,0.15614065007958722,0
1686.9982996079052,0.5000829696655273,0.3122771680355072,0.15616449354993733,0
1687.9982985999668,0.5000829696655273,0.3122771680355072,0.15616449354993733,0
1688.9982975920284,0.5001593232154846,0.31235337257385254,0.1562264514306122,0
1689.998297,0.5002356171607971,0.31250572204589844,0.15632649273391053,0
1690.9982955761516,0.5001593232154846,0.31235337257385254,0.1562264514306122,0
1691.9982945682132,0.5000829696655273,0.3122771680355072,0.15616449354993733,0
1692.9982935602748,0.5002356171607971,0.3122771680355072,0.1562121618774679,0
1693.9982925523364,0.5000066161155701,0.31235337257385254,0.15617875285293792,0
1694.998291544398,0.5002356171607971,0.31220096349716187,0.15617404165319826,0
1695.9982905364595,0.5000066161155701,0.3121248185634613,0.15606447433560255,0
1696.9982895285211,0.5003119707107544,0.31235337257385254,0.15627413139057467,0
1697.9982885205827,0.5001593232154846,0.31235337257385254,0.1562264514306122,0
1698.9982875126443,0.5003883242607117,0.3124295175075531,0.15633608271518717,0
1699.998286504706,0.5002356171607971,0.3121248185634613,0.1561359512452949,0
1700.9982854967675,0.5002356171607971,0.3124295175075531,0.1562883725096409,0
1701.998284488829,0.5003119707107544,0.3121248185634613,0.15615978308322198,0
1702.9982834808907,0.5002356171607971,0.3122771680355072,0.1562121618774679,0
1703.9982824729523,0.4998539388179779,0.3124295175075531,0.1561691249291508,0
1704.9982814650139,0.5003119707107544,0.3122771680355072,0.156236005,0
1705.9982804570755,0.5002356171607971,0.3122771680355072,0.1562121618774679,0
1706.998279449137,0.4999302923679352,0.3122771680355072,0.15611681591582194,0
1707.9982784411986,0.5000066161155701,0.31235337257385254,0.15617875285293792,0
1708.9982774332602,0.5002356171607971,0.3124295175075531,0.1562883725096409,0
1709.9982764253218,0.5001593232154846,0.3124295175075531,0.15626453602911816,0
1710.9982754173834,0.5001593232154846,0.3124295175075531,0.15626453602911816,0
1711.998274409445,0.5000829696655273,0.3124295175075531,0.15624068092634502,0
1712.9982734015066,0.5000829696655273,0.31235337257385254,0.15620260214177506,0
1713.9982723935682,0.5000829696655273,0.3124295175075531,0.15624068092634502,0
1714.9982713856298,0.5002356171607971,0.3125819265842438,0.15636461295818016,0
1715.9982703776914,0.5000829696655273,0.3124295175075531,0.15624068092634502,0
1716.998269369753,0.5003883242607117,0.3124295175075531,0.15633608271518717,0
1717.9982683618146,0.5003119707107544,0.3124295175075531,0.15631222761241403,0
1718.9982673538761,0.5001593232154846,0.3122771680355072,0.15618833702028745,0
1719.9982663459377,0.5003883242607117,0.3122771680355072,0.15625984881816812,0
1720.9982653379993,0.5003119707107544,0.3122771680355072,0.156236005,0
1721.998264330061,0.5000829696655273,0.31220096349716187,0.1561263849580996,0
1722.9982633221225,0.5002356171607971,0.3122771680355072,0.1562121618774679,0
1723.998262314184,0.5001593232154846,0.3124295175075531,0.15626453602911816,0
1724.9982613062457,0.5000066161155701,0.31250572204589844,0.15625492859692258,0
1725.9982602983073,0.4999302923679352,0.3122771680355072,0.15611681591582194,0
1726.9982592903689,0.5000829696655273,0.3124295175075531,0.15624068092634502,0
1727.9982582824305,0.5003119707107544,0.3125819265842438,0.15638847969792735,0
1728.998257274492,0.5001593232154846,0.31250572204589844,0.15630265043944291,0
1729.9982562665537,0.5003119707107544,0.3122771680355072,0.156236005,0
1730.9982552586152,0.5000829696655273,0.31250572204589844,0.15627878951818275,0
1731.9982542506768,0.5002356171607971,0.31250572204589844,0.15632649273391053,0
1732.9982532427384,0.5000066161155701,0.31235337257385254,0.15617875285293792,0
1733.998252,0.5000829696655273,0.31235337257385254,0.15620260214177506,0
1734.9982512268616,0.5000066161155701,0.3122771680355072,0.15614065007958722,0
1735.9982502189232,0.5003883242607117,0.31220096349716187,0.15622171695692444,0
1736.9982492109848,0.5000829696655273,0.3124295175075531,0.15624068092634502,0
1737.9982482030464,0.5003119707107544,0.3122771680355072,0.156236005,0
1738.998247195108,0.5001593232154846,0.31235337257385254,0.1562264514306122,0
1739.9982461871696,0.5003883242607117,0.3122771680355072,0.15625984881816812,0
1740.9982451792312,0.5000066161155701,0.3124295175075531,0.15621682582357188,0
1741.9982441712928,0.5000829696655273,0.3122771680355072,0.15616449354993733,0
1742.9982431633543,0.5002356171607971,0.3122771680355072,0.1562121618774679,0
1743.998242155416,0.5003119707107544,0.3122771680355072,0.156236005,0
1744.9982411474775,0.5001593232154846,0.31235337257385254,0.1562264514306122,0
1745.9982401395391,0.5000829696655273,0.3122771680355072,0.15616449354993733,0
1746.9982391316007,0.5003883242607117,0.3122771680355072,0.15625984881816812,0
1747.9982381236623,0.5002356171607971,0.3122771680355072,0.1562121618774679,0
1748.998237115724,0.5003883242607117,0.31235337257385254,0.1562979806794118,0
1749.9982361077855,0.5001593232154846,0.31250572204589844,0.15630265043944291,0
1750.998235099847,0.5000829696655273,0.31235337257385254,0.15620260214177506,0
1751.9982340919087,0.5001593232154846,0.3124295175075531,0.15626453602911816,0
1752.9982330839703,0.5002356171607971,0.3125819265842438,0.15636461295818016,0
1753.9982320760319,0.5000066161155701,0.3121248185634613,0.15606447433560255,0
1754.9982310680934,0.5003119707107544,0.3122771680355072,0.156236005,0
1755.998230060155,0.5001593232154846,0.31235337257385254,0.1562264514306122,0
1756.9982290522166,0.5002356171607971,0.31220096349716187,0.15617404165319826,0
1757.9982280442782,0.5003883242607117,0.31220096349716187,0.15622171695692444,0
1758.9982270363398,0.5003119707107544,0.3122771680355072,0.156236005,0
1759.9982260284014,0.5002356171607971,0.3122771680355072,0.1562121618774679,0
1760.998225020463,0.5000829696655273,0.31220096349716187,0.1561263849580996,0
1761.9982240125246,0.5000066161155701,0.3125819265842438,0.15629303137027328,0
1762.9982230045862,0.5001593232154846,0.31250572204589844,0.15630265043944291,0
1763.9982219966478,0.5000066161155701,0.31250572204589844,0.15625492859692258,0
1764.9982209887094,0.5000829696655273,0.3122771680355072,0.15616449354993733,0
1765.998219980771,0.5002356171607971,0.31235337257385254,0.15625028210173753,0
1766.9982189728325,0.5002356171607971,0.3124295175075531,0.1562883725096409,0
1767.9982179648941,0.5001593232154846,0.31235337257385254,0.1562264514306122,0
1768.9982169569557,0.5002356171607971,0.31220096349716187,0.15617404165319826,0
1769.9982159490173,0.5000829696655273,0.3122771680355072,0.15616449354993733,0
1770.998214941079,0.5002356171607971,0.31220096349716187,0.15617404165319826,0
1771.9982139331405,0.5003883242607117,0.31235337257385254,0.1562979806794118,0
1772.998212925202,0.5001593232154846,0.3121248185634613,0.15611213801145674,0
1773.9982119172637,0.5001593232154846,0.3124295175075531,0.15626453602911816,0
1774.9982109093253,0.5003883242607117,0.31235337257385254,0.1562979806794118,0
1775.9982099013869,0.5001593232154846,0.31235337257385254,0.1562264514306122,0
1776.9982088934485,0.5001593232154846,0.31250572204589844,0.15630265043944291,0
1777.998208,0.5002356171607971,0.31220096349716187,0.15617404165319826,0
1778.9982068775716,0.5000829696655273,0.3122771680355072,0.15616449354993733,0
1779.9982058696332,0.5002356171607971,0.3122771680355072,0.1562121618774679,0
1780.9982048616948,0.5002356171607971,0.31235337257385254,0.15625028210173753,0
1781.9982038537564,0.5003883242607117,0.31220096349716187,0.15622171695692444,0
1782.998202845818,0.5001593232154846,0.3122771680355072,0.15618833702028745,0
1783.9982018378796,0.5000829696655273,0.3124295175075531,0.15624068092634502,0
1784.9982008299412,0.5000066161155701,0.3122771680355072,0.15614065007958722,0
1785.9981998220028,0.5001593232154846,0.31235337257385254,0.1562264514306122,0
1786.9981988140644,0.5004646182060242,0.31220096349716187,0.156245536,0
1787.998197806126,0.5000829696655273,0.3122771680355072,0.15616449354993733,0
1788.9981967981876,0.5000829696655273,0.3122771680355072,0.15616449354993733,0
1789.9981957902492,0.5002356171607971,0.3124295175075531,0.1562883725096409,0
1790.9981947823107,0.5002356171607971,0.31220096349716187,0.15617404165319826,0
1791.9981937743723,0.5000829696655273,0.3122771680355072,0.15616449354993733,0
1792.998192766434,0.5001593232154846,0.3124295175075531,0.15626453602911816,0
1793.9981917584955,0.5000829696655273,0.31235337257385254,0.15620260214177506,0
1794.9981907505571,0.5002356171607971,0.3121248185634613,0.1561359512452949,0
1795.9981897426187,0.5003883242607117,0.3124295175075531,0.15633608271518717,0
1796.9981887346803,0.5002356171607971,0.3122771680355072,0.1562121618774679,0
1797.998187726742,0.5002356171607971,0.31235337257385254,0.15625028210173753,0
1798.9981867188035,0.5001593232154846,0.3122771680355072,0.15618833702028745,0
1799.998185710865,0.5002356171607971,0.31235337257385254,0.15625028210173753,0
1799.999949710851,0.5000829696655273,0.3122771680355072,0.15616449354993733,0
